[{ "model": "hospital.user", "pk": 1, "fields": { "password": "pbkdf2_sha256$390000$wVKkF4T1vTIH3gYrFfKhFk$gnZloXNlMi7I1UPxWhF4tgoWQXFvdqoGZJD5+NsLVxs=", "last_login": "2023-03-18T17:46:10.209Z", "is_superuser": true, "username": "Dara", "first_name": "Onoolapo", "last_name": "Hello", "email": "sanniabdulameen7@gmail.com", "is_staff": true, "is_active": true, "date_joined": "2023-03-02T14:52:47Z", "role": "Patient", "profilepic": "images/profilepic/avatar-s-11_5995Eo7.jpg", "is_email_verified": true, "groups": [], "user_permissions": [] } }, { "model": "hospital.user", "pk": 10, "fields": { "password": "pbkdf2_sha256$390000$kuONHtsA0UvFa9RIS9QC3l$vMrl98P0hYN7NCMW5cbLiQQDbdmHP3PgWLRBgcWoOxw=", "last_login": "2023-03-18T18:37:04.240Z", "is_superuser": false, "username": "Bolanle", "first_name": "Bolanle", "last_name": "Balogun123", "email": "muslimotsanni@gmail.com", "is_staff": false, "is_active": true, "date_joined": "2023-03-03T20:33:11Z", "role": "Doctor", "profilepic": "images/profilepic/avatar-s-22.jpg", "is_email_verified": true, "groups": [], "user_permissions": [] } }, { "model": "hospital.user", "pk": 11, "fields": { "password": "pbkdf2_sha256$260000$Khy9oM2miIYk15PLfnD4Gr$g8q0at6m+l9bi2QsWBVHcNxAYO0q4cTt+muqBmpj6QA=", "last_login": "2023-03-15T13:06:35.334Z", "is_superuser": false, "username": "Tolani", "first_name": "Tolani", "last_name": "Bayonle", "email": "ifeoluwaabdulameen@gmail.com", "is_staff": false, "is_active": true, "date_joined": "2023-03-04T13:26:19Z", "role": "Doctor", "profilepic": "images/profilepic/avatar-s-4.jpg", "is_email_verified": true, "groups": [], "user_permissions": [] } }, { "model": "hospital.user", "pk": 16, "fields": { "password": "pbkdf2_sha256$390000$QhlTtHyU1RpS0f4mPnhR2U$guV4WhuUhOR7t7oxyFAV55TB47MWPYxmrVKdr6soiBQ=", "last_login": "2023-03-18T16:15:44.296Z", "is_superuser": false, "username": "Kunle", "first_name": "Sanni", "last_name": "Abdulameen", "email": "webworld55220@gmail.com", "is_staff": false, "is_active": true, "date_joined": "2023-03-12T13:22:30.332Z", "role": "Patient", "profilepic": "images/profilepic/avatar-s-9.jpg", "is_email_verified": true, "groups": [], "user_permissions": [] } }, { "model": "hospital.user", "pk": 17, "fields": { "password": "pbkdf2_sha256$390000$Thj14R6XSJB2xUuVJR3W55$Geh99Yrz61IN0+ObPTczFnDbqeTjccgs2cGyl946nfU=", "last_login": "2023-03-18T18:37:19.849Z", "is_superuser": false, "username": "Arafat", "first_name": "Arafat", "last_name": "Barakat", "email": "harafatbalogun0@gmail.com", "is_staff": false, "is_active": true, "date_joined": "2023-03-18T15:15:27.677Z", "role": "Patient", "profilepic": "images/profilepic/avatar-s-26.jpg", "is_email_verified": true, "groups": [], "user_permissions": [] } }, { "model": "hospital.skills", "pk": 1, "fields": { "code": "FPH", "skill": "Family physicians" } }, { "model": "hospital.skills", "pk": 2, "fields": { "code": "SRG", "skill": "Surgeon" } }, { "model": "hospital.skills", "pk": 3, "fields": { "code": "PDT", "skill": "Pediatrician" } }, { "model": "hospital.skills", "pk": 4, "fields": { "code": "DNT", "skill": "Dentist" } }, { "model": "hospital.skills", "pk": 5, "fields": { "code": "PST", "skill": "Psychiatrist" } }, { "model": "hospital.skills", "pk": 6, "fields": { "code": "NEU", "skill": "Neurologists" } }, { "model": "hospital.skills", "pk": 7, "fields": { "code": "RDG", "skill": "Radiologists" } }, { "model": "hospital.skills", "pk": 8, "fields": { "code": "EPH", "skill": "Emergency physicians" } }, { "model": "hospital.skills", "pk": 9, "fields": { "code": "OBG", "skill": "Obstetricians and gynecologists" } }, { "model": "hospital.skills", "pk": 10, "fields": { "code": "PHY", "skill": "Physician" } }, { "model": "hospital.docappointment", "pk": 14, "fields": { "doctor": 10, "startdate": "2023-03-10T09:00:00Z", "enddate": "2023-03-10T11:00:00Z" } }, { "model": "hospital.docappointment", "pk": 19, "fields": { "doctor": 11, "startdate": "2023-03-11T18:00:00Z", "enddate": "2023-03-11T20:00:00Z" } }, { "model": "hospital.docappointment", "pk": 27, "fields": { "doctor": 10, "startdate": "2023-03-13T02:01:00Z", "enddate": "2023-03-13T03:00:00Z" } }, { "model": "hospital.docappointment", "pk": 37, "fields": { "doctor": 10, "startdate": "2023-03-18T05:00:00Z", "enddate": "2023-03-18T06:00:00Z" } }, { "model": "hospital.docappointment", "pk": 38, "fields": { "doctor": 10, "startdate": "2023-03-18T06:01:00Z", "enddate": "2023-03-18T07:01:00Z" } }, { "model": "hospital.docappointment", "pk": 39, "fields": { "doctor": 10, "startdate": "2023-03-18T07:02:00Z", "enddate": "2023-03-18T08:00:00Z" } }, { "model": "hospital.docappointment", "pk": 41, "fields": { "doctor": 10, "startdate": "2023-03-18T09:01:00Z", "enddate": "2023-03-18T10:00:00Z" } }, { "model": "hospital.docappointment", "pk": 46, "fields": { "doctor": 10, "startdate": "2023-03-18T16:00:00Z", "enddate": "2023-03-18T17:00:00Z" } }, { "model": "hospital.docappointment", "pk": 53, "fields": { "doctor": 10, "startdate": "2023-03-18T19:00:00Z", "enddate": "2023-03-18T20:00:00Z" } }, { "model": "hospital.docappointment", "pk": 61, "fields": { "doctor": 10, "startdate": "2023-03-19T05:00:00Z", "enddate": "2023-03-19T06:00:00Z" } }, { "model": "hospital.deletedappointment", "pk": 4, "fields": { "doctor": 10, "patient": 1, "startdate": "2023-03-13T01:00:00Z", "enddate": "2023-03-13T02:00:00Z", "timestamp": "2023-03-16T03:13:03.952Z" } }, { "model": "hospital.deletedappointment", "pk": 5, "fields": { "doctor": 10, "patient": 1, "startdate": "2023-03-17T14:40:00Z", "enddate": "2023-03-17T15:00:00Z", "timestamp": "2023-03-18T02:28:34.655Z" } }, { "model": "hospital.deletedappointment", "pk": 6, "fields": { "doctor": 10, "patient": 1, "startdate": "2023-03-17T16:01:00Z", "enddate": "2023-03-17T17:01:00Z", "timestamp": "2023-03-18T02:28:35.578Z" } }, { "model": "hospital.deletedappointment", "pk": 7, "fields": { "doctor": 10, "patient": 17, "startdate": "2023-03-18T17:17:00Z", "enddate": "2023-03-18T18:00:00Z", "timestamp": "2023-03-18T18:37:32.911Z" } }, { "model": "hospital.patientappointment", "pk": 19, "fields": { "patient": 1, "appointment": 14 } }, { "model": "hospital.patientappointment", "pk": 21, "fields": { "patient": 1, "appointment": 19 } }, { "model": "hospital.patientappointment", "pk": 24, "fields": { "patient": 1, "appointment": 27 } }, { "model": "hospital.patientappointment", "pk": 27, "fields": { "patient": 16, "appointment": 38 } }, { "model": "hospital.patientappointment", "pk": 28, "fields": { "patient": 16, "appointment": 37 } }, { "model": "hospital.patientappointment", "pk": 29, "fields": { "patient": 1, "appointment": 39 } }, { "model": "hospital.patientappointment", "pk": 30, "fields": { "patient": 1, "appointment": 41 } }, { "model": "hospital.patientappointment", "pk": 33, "fields": { "patient": 17, "appointment": 46 } }, { "model": "hospital.patientappointment", "pk": 35, "fields": { "patient": 17, "appointment": 53 } }, { "model": "hospital.patientappointment", "pk": 43, "fields": { "patient": 1, "appointment": 61 } }, { "model": "hospital.messages", "pk": 102, "fields": { "recipient": 10, "subject": "You just created a new appointment Dr Bolanle", "body": "You just created a new appointment Dr Bolanle from 2023-03-17 15:39:00 to 2023-03-18 16:00:00,\n Cheers to improving healthcare in the world", "read": false, "timestamp": "2023-03-17T14:34:38.258Z" } }, { "model": "hospital.messages", "pk": 103, "fields": { "recipient": 10, "subject": "You just removed an appointment Dr Bolanle", "body": "You just removed an appointment Dr Bolanle from 03 17, 2023, 02:39 PM to 03 18, 2023, 03:00 PM,\n We hope you add another soon enough", "read": false, "timestamp": "2023-03-17T14:36:03.636Z" } }, { "model": "hospital.messages", "pk": 104, "fields": { "recipient": 10, "subject": "You just created a new appointment Dr Bolanle", "body": "You just created a new appointment Dr Bolanle from 2023-03-17 15:40:00 to 2023-03-17 16:00:00,\n Cheers to improving healthcare in the world", "read": false, "timestamp": "2023-03-17T14:36:27.139Z" } }, { "model": "hospital.messages", "pk": 105, "fields": { "recipient": 10, "subject": "You just created a new appointment Dr Bolanle", "body": "You just created a new appointment Dr Bolanle from 2023-03-17 16:01:00 to 2023-03-17 17:00:00,\n Cheers to improving healthcare in the world", "read": true, "timestamp": "2023-03-17T14:36:59.268Z" } }, { "model": "hospital.messages", "pk": 106, "fields": { "recipient": 10, "subject": "You just created a new appointment Dr Bolanle", "body": "You just created a new appointment Dr Bolanle from 2023-03-17 17:01:00 to 2023-03-17 18:01:00,\n Cheers to improving healthcare in the world", "read": true, "timestamp": "2023-03-17T14:37:22.145Z" } }, { "model": "hospital.messages", "pk": 107, "fields": { "recipient": 1, "subject": "You just made a new appointment with Dr Bolanle", "body": "Hello Dara You just made a new appointment with Dr Bolanle Balogun from 03 17, 2023, 02:40 PM to 03 17, 2023, 03:00 PM,\n Cheers to taking note and caring for your health. \n As they say,health is wealth", "read": true, "timestamp": "2023-03-17T14:39:53.328Z" } }, { "model": "hospital.messages", "pk": 108, "fields": { "recipient": 1, "subject": "You just made a new appointment with Dr Bolanle", "body": "Hello Dara You just made a new appointment with Dr Bolanle Balogun from 03 17, 2023, 04:01 PM to 03 17, 2023, 05:01 PM,\n Cheers to taking note and caring for your health. \n As they say,health is wealth", "read": true, "timestamp": "2023-03-17T14:39:59.478Z" } }, { "model": "hospital.messages", "pk": 109, "fields": { "recipient": 1, "subject": "Confirm completion of appointment Dara", "body": "Hi Onoolapo Abayomi.\n Hope your day was wonderful. We are checking if you have completed your appointment which lasted from 03/17/2023 02:40 PM to 03/17/2023 03:00 PM and we hope it was wonderful.This is the first message concerning this appointment \n <button class='btn btn-primary' onclick='addComplete(event,25)'>Attended</button> \n <button class='btn btn-secondary' onclick='addComplete(event,25)'>Not Attended</button>", "read": true, "timestamp": "2023-03-17T14:50:27.794Z" } }, { "model": "hospital.messages", "pk": 110, "fields": { "recipient": 10, "subject": "Expired appointment", "body": "Hi, Bolanle Balogun.\n This is to inform you that the appointment you created from 03/17/2023 03:01 PM to 03/17/2023 04:00 PM has expired.\n As no patient made the appointment,do well to create another. \n Thanks for using this webapp and continue to save lives and provide fantastic healthcare", "read": true, "timestamp": "2023-03-17T14:50:27.870Z" } }, { "model": "hospital.messages", "pk": 111, "fields": { "recipient": 1, "subject": "Confirm completion of appointment Dara", "body": "Hi Onoolapo Abayomi.\n Hope your day was wonderful. We are checking if you have completed your appointment which lasted from 03/17/2023 04:01 PM to 03/17/2023 05:01 PM and we hope it was wonderful.This is the first message concerning this appointment \n <button class='btn btn-primary' onclick='addComplete(event,26)'>Attended</button> \n <button class='btn btn-secondary' onclick='addComplete(event,26)'>Not Attended</button>", "read": true, "timestamp": "2023-03-17T15:03:07.835Z" } }, { "model": "hospital.messages", "pk": 112, "fields": { "recipient": 1, "subject": "You just removed an order from your cart", "body": "Hello Dara. \n You just removed from cart a drug with the name of Lorem ipsum dolor sit.\n Enjoy the rest of your day", "read": false, "timestamp": "2023-03-17T20:40:57.395Z" } }, { "model": "hospital.messages", "pk": 113, "fields": { "recipient": 1, "subject": "You just removed an order from your cart", "body": "Hello Dara. \n You just removed from cart a drug with the name of Amet consectetur adipisicing elit..\n Enjoy the rest of your day", "read": false, "timestamp": "2023-03-17T20:41:18.814Z" } }, { "model": "hospital.messages", "pk": 114, "fields": { "recipient": 1, "subject": "You just added an order to cart", "body": "Hello Dara. \n You just added to cart a drug with the name of Amet consectetur adipisicing elit..You can check the cart page for your orders and its details. Then you can add amount you want to order when you checkout \n Thanks for your patronage,we hope you order it soon", "read": true, "timestamp": "2023-03-17T20:41:21.564Z" } }, { "model": "hospital.messages", "pk": 115, "fields": { "recipient": 1, "subject": "You just checked out an order", "body": "Hello Dara. \n You just checked out a drug with the name of Amet consectetur adipisicing elit. ordering 2 and totalled to 40 .\n We are sorry payment methods doesn't exist now sir,we will message you about how to pay. Thank you", "read": true, "timestamp": "2023-03-17T20:41:26.477Z" } }, { "model": "hospital.messages", "pk": 116, "fields": { "recipient": 1, "subject": "Confirm completion of appointment Dara", "body": "Hi Onoolapo Abayomi.\n Hope your day was wonderful. We are checking on you again if you have completed your appointment which lasted from 03/17/2023 02:40 PM to 03/17/2023 03:00 PM and we hope it was wonderful. Please note that this message will be sent once more after then the appointment will be deleted \n <button class='btn btn-primary' onclick='addComplete(event,25)'>Attended</button> \n <button class='btn btn-secondary' onclick='addComplete(event,25)'>Not Attended</button>", "read": true, "timestamp": "2023-03-17T21:13:53.184Z" } }, { "model": "hospital.messages", "pk": 117, "fields": { "recipient": 1, "subject": "Confirm completion of appointment Dara", "body": "Hi Onoolapo Abayomi.\n Hope your day was wonderful. We are checking on you again if you have completed your appointment which lasted from 03/17/2023 04:01 PM to 03/17/2023 05:01 PM and we hope it was wonderful. Please note that this message will be sent once more after then the appointment will be deleted \n <button class='btn btn-primary' onclick='addComplete(event,26)'>Attended</button> \n <button class='btn btn-secondary' onclick='addComplete(event,26)'>Not Attended</button>", "read": true, "timestamp": "2023-03-17T21:13:53.498Z" } }, { "model": "hospital.messages", "pk": 118, "fields": { "recipient": 1, "subject": "Confirm completion of appointment Dara", "body": "Hi Onoolapo Abayomi.\n Hope your day was wonderful. We are checking on you again if you have completed your appointment which lasted from 03/17/2023 02:40 PM to 03/17/2023 03:00 PM and we hope it was wonderful. Please note that this message is the last concerning this appointment,if you don't reply within 2 hrs it will be deleted \n <button class='btn btn-primary' onclick='addComplete(event,25)'>Attended</button> \n <button class='btn btn-secondary' onclick='addComplete(event,25)'>Not Attended</button>", "read": true, "timestamp": "2023-03-18T00:20:15.811Z" } }, { "model": "hospital.messages", "pk": 119, "fields": { "recipient": 1, "subject": "Confirm completion of appointment Dara", "body": "Hi Onoolapo Abayomi.\n Hope your day was wonderful. We are checking on you again if you have completed your appointment which lasted from 03/17/2023 04:01 PM to 03/17/2023 05:01 PM and we hope it was wonderful. Please note that this message is the last concerning this appointment,if you don't reply within 2 hrs it will be deleted \n <button class='btn btn-primary' onclick='addComplete(event,26)'>Attended</button> \n <button class='btn btn-secondary' onclick='addComplete(event,26)'>Not Attended</button>", "read": true, "timestamp": "2023-03-18T00:20:15.971Z" } }, { "model": "hospital.messages", "pk": 120, "fields": { "recipient": 10, "subject": "Deletion of an appointment", "body": "Hi Dr Bolanle Balogun.\n This message is to inform you that the appointment from 03/17/2023 02:40 PM to 03/17/2023 03:00 PM that was made by patient Onoolapo Abayomi because the patient didn't confirm whether the appointment held or not.If it held please report to the appropriate quarters", "read": true, "timestamp": "2023-03-18T02:28:34.483Z" } }, { "model": "hospital.messages", "pk": 121, "fields": { "recipient": 1, "subject": "Deletion of an appointment", "body": "Hi Onoolapo Abayomi.\n This message is to inform you that the appointment from 03/17/2023 02:40 PM to 03/17/2023 03:00 PM has just been deleted because you didn't confirm whether the appointment held or not. If it held,please go to the appropriate quarters to report this", "read": true, "timestamp": "2023-03-18T02:28:34.585Z" } }, { "model": "hospital.messages", "pk": 122, "fields": { "recipient": 10, "subject": "Deletion of an appointment", "body": "Hi Dr Bolanle Balogun.\n This message is to inform you that the appointment from 03/17/2023 04:01 PM to 03/17/2023 05:01 PM that was made by patient Onoolapo Abayomi because the patient didn't confirm whether the appointment held or not.If it held please report to the appropriate quarters", "read": true, "timestamp": "2023-03-18T02:28:35.302Z" } }, { "model": "hospital.messages", "pk": 123, "fields": { "recipient": 1, "subject": "Deletion of an appointment", "body": "Hi Onoolapo Abayomi.\n This message is to inform you that the appointment from 03/17/2023 04:01 PM to 03/17/2023 05:01 PM has just been deleted because you didn't confirm whether the appointment held or not. If it held,please go to the appropriate quarters to report this", "read": true, "timestamp": "2023-03-18T02:28:35.418Z" } }, { "model": "hospital.messages", "pk": 124, "fields": { "recipient": 10, "subject": "You just created a new appointment Dr Bolanle", "body": "You just created a new appointment Dr Bolanle from 2023-03-18 04:00:00 to 2023-03-18 05:00:00,\n Cheers to improving healthcare in the world", "read": true, "timestamp": "2023-03-18T02:29:12.700Z" } }, { "model": "hospital.messages", "pk": 125, "fields": { "recipient": 10, "subject": "You just removed an appointment Dr Bolanle", "body": "You just removed an appointment Dr Bolanle from 03 18, 2023, 03:00 AM to 03 18, 2023, 04:00 AM,\n We hope you add another soon enough", "read": true, "timestamp": "2023-03-18T02:38:54.041Z" } }, { "model": "hospital.messages", "pk": 126, "fields": { "recipient": 10, "subject": "You just created a new appointment Dr Bolanle", "body": "You just created a new appointment Dr Bolanle from 2023-03-18 06:00:00 to 2023-03-18 07:00:00,\n Cheers to improving healthcare in the world", "read": false, "timestamp": "2023-03-18T03:40:42.438Z" } }, { "model": "hospital.messages", "pk": 127, "fields": { "recipient": 10, "subject": "You just created a new appointment Dr Bolanle", "body": "You just created a new appointment Dr Bolanle from 2023-03-18 07:01:00 to 2023-03-18 08:01:00,\n Cheers to improving healthcare in the world", "read": true, "timestamp": "2023-03-18T03:41:05.230Z" } }, { "model": "hospital.messages", "pk": 128, "fields": { "recipient": 10, "subject": "You just created a new appointment Dr Bolanle", "body": "You just created a new appointment Dr Bolanle from 2023-03-18 08:02:00 to 2023-03-18 09:00:00,\n Cheers to improving healthcare in the world", "read": true, "timestamp": "2023-03-18T03:41:23.316Z" } }, { "model": "hospital.messages", "pk": 129, "fields": { "recipient": 10, "subject": "You just created a new appointment Dr Bolanle", "body": "You just created a new appointment Dr Bolanle from 2023-03-18 09:01:00 to 2023-03-18 22:00:00,\n Cheers to improving healthcare in the world", "read": true, "timestamp": "2023-03-18T03:43:49.593Z" } }, { "model": "hospital.messages", "pk": 130, "fields": { "recipient": 10, "subject": "You just removed an appointment Dr Bolanle", "body": "You just removed an appointment Dr Bolanle from 03 18, 2023, 08:01 AM to 03 18, 2023, 09:00 PM,\n We hope you add another soon enough", "read": true, "timestamp": "2023-03-18T03:44:13.449Z" } }, { "model": "hospital.messages", "pk": 131, "fields": { "recipient": 10, "subject": "You just created a new appointment Dr Bolanle", "body": "You just created a new appointment Dr Bolanle from 2023-03-18 10:01:00 to 2023-03-18 11:00:00,\n Cheers to improving healthcare in the world", "read": true, "timestamp": "2023-03-18T03:44:26.157Z" } }, { "model": "hospital.messages", "pk": 132, "fields": { "recipient": 16, "subject": "You just made a new appointment with Dr Bolanle", "body": "Hello Kunle You just made a new appointment with Dr Bolanle Balogun from 03 18, 2023, 06:01 AM to 03 18, 2023, 07:01 AM,\n Cheers to taking note and caring for your health. \n As they say,health is wealth", "read": false, "timestamp": "2023-03-18T03:46:30.838Z" } }, { "model": "hospital.messages", "pk": 133, "fields": { "recipient": 16, "subject": "You just made a new appointment with Dr Bolanle", "body": "Hello Kunle You just made a new appointment with Dr Bolanle Balogun from 03 18, 2023, 05:00 AM to 03 18, 2023, 06:00 AM,\n Cheers to taking note and caring for your health. \n As they say,health is wealth", "read": false, "timestamp": "2023-03-18T03:46:33.618Z" } }, { "model": "hospital.messages", "pk": 134, "fields": { "recipient": 1, "subject": "You just made a new appointment with Dr Bolanle", "body": "Hello Dara You just made a new appointment with Dr Bolanle Balogun from 03 18, 2023, 07:02 AM to 03 18, 2023, 08:00 AM,\n Cheers to taking note and caring for your health. \n As they say,health is wealth", "read": false, "timestamp": "2023-03-18T03:46:56.931Z" } }, { "model": "hospital.messages", "pk": 135, "fields": { "recipient": 1, "subject": "You just made a new appointment with Dr Bolanle", "body": "Hello Dara You just made a new appointment with Dr Bolanle Balogun from 03 18, 2023, 09:01 AM to 03 18, 2023, 10:00 AM,\n Cheers to taking note and caring for your health. \n As they say,health is wealth", "read": false, "timestamp": "2023-03-18T03:46:59.795Z" } }, { "model": "hospital.messages", "pk": 136, "fields": { "recipient": 10, "subject": "You just created a new appointment Dr Bolanle", "body": "You just created a new appointment Dr Bolanle from 2023-03-18 11:00:00 to 2023-03-18 12:00:00,\n Cheers to improving healthcare in the world", "read": false, "timestamp": "2023-03-18T04:19:20.446Z" } }, { "model": "hospital.messages", "pk": 137, "fields": { "recipient": 10, "subject": "You just removed an appointment Dr Bolanle", "body": "You just removed an appointment Dr Bolanle from 03 18, 2023, 10:00 AM to 03 18, 2023, 11:00 AM,\n We hope you add another soon enough", "read": false, "timestamp": "2023-03-18T04:22:58.818Z" } }, { "model": "hospital.messages", "pk": 138, "fields": { "recipient": 10, "subject": "You just created a new appointment Dr Bolanle", "body": "You just created a new appointment Dr Bolanle from 2023-03-18 11:00:00 to 2023-03-18 12:00:00,\n Cheers to improving healthcare in the world", "read": true, "timestamp": "2023-03-18T04:23:16.309Z" } }, { "model": "hospital.messages", "pk": 139, "fields": { "recipient": 10, "subject": "You just created a new appointment Dr Bolanle", "body": "You just created a new appointment Dr Bolanle from 2023-03-18 12:01:00 to 2023-03-18 13:00:00,\n Cheers to improving healthcare in the world", "read": true, "timestamp": "2023-03-18T04:46:27.889Z" } }, { "model": "hospital.messages", "pk": 140, "fields": { "recipient": 16, "subject": "Confirm completion of appointment Kunle", "body": "You have marked this appointment as complete.If you didn't,report to the appropriate quarters", "read": false, "timestamp": "2023-03-18T11:06:26.069Z" } }, { "model": "hospital.messages", "pk": 141, "fields": { "recipient": 16, "subject": "Confirm completion of appointment Kunle", "body": "You have marked this appointment as complete.If you didn't,report to the appropriate quarters", "read": false, "timestamp": "2023-03-18T11:06:26.309Z" } }, { "model": "hospital.messages", "pk": 142, "fields": { "recipient": 1, "subject": "Confirm completion of appointment Dara", "body": "Hi Onoolapo Abayomi.\n Hope your day was wonderful. We are checking if you have completed your appointment which lasted from 03/18/2023 07:02 AM to 03/18/2023 08:00 AM and we hope it was wonderful.This is the first message concerning this appointment \n <button class='btn btn-primary' onclick='addComplete(event,29)'>Attended</button> \n <button class='btn btn-secondary' onclick='addComplete(event,29)'>Not Attended</button>", "read": false, "timestamp": "2023-03-18T11:06:26.485Z" } }, { "model": "hospital.messages", "pk": 143, "fields": { "recipient": 1, "subject": "Confirm completion of appointment Dara", "body": "Hi Onoolapo Abayomi.\n Hope your day was wonderful. We are checking if you have completed your appointment which lasted from 03/18/2023 09:01 AM to 03/18/2023 10:00 AM and we hope it was wonderful.This is the first message concerning this appointment \n <button class='btn btn-primary' onclick='addComplete(event,30)'>Attended</button> \n <button class='btn btn-secondary' onclick='addComplete(event,30)'>Not Attended</button>", "read": true, "timestamp": "2023-03-18T11:06:26.681Z" } }, { "model": "hospital.messages", "pk": 144, "fields": { "recipient": 10, "subject": "Expired appointment", "body": "Hi, Bolanle Balogun.\n This is to inform you that the appointment you created from 03/18/2023 10:00 AM to 03/18/2023 11:00 AM has expired.\n As no patient made the appointment,do well to create another. \n Thanks for using this webapp and continue to save lives and provide fantastic healthcare", "read": true, "timestamp": "2023-03-18T11:16:41.353Z" } }, { "model": "hospital.messages", "pk": 145, "fields": { "recipient": 10, "subject": "Expired appointment", "body": "Hi, Bolanle Balogun.\n This is to inform you that the appointment you created from 03/18/2023 11:01 AM to 03/18/2023 12:00 PM has expired.\n As no patient made the appointment,do well to create another. \n Thanks for using this webapp and continue to save lives and provide fantastic healthcare", "read": true, "timestamp": "2023-03-18T11:16:41.594Z" } }, { "model": "hospital.messages", "pk": 146, "fields": { "recipient": 16, "subject": "Confirm completion of appointment Kunle", "body": "You have marked this appointment as complete.If you didn't,report to the appropriate quarters", "read": true, "timestamp": "2023-03-18T13:33:47.827Z" } }, { "model": "hospital.messages", "pk": 147, "fields": { "recipient": 16, "subject": "Confirm completion of appointment Kunle", "body": "You have marked this appointment as complete.If you didn't,report to the appropriate quarters", "read": true, "timestamp": "2023-03-18T13:33:48.106Z" } }, { "model": "hospital.messages", "pk": 148, "fields": { "recipient": 1, "subject": "Confirm completion of appointment Dara", "body": "Hi Onoolapo Abayomi.\n Hope your day was wonderful. We are checking on you again if you have completed your appointment which lasted from 03/18/2023 07:02 AM to 03/18/2023 08:00 AM and we hope it was wonderful. Please note that this message will be sent once more after then the appointment will be deleted \n <button class='btn btn-primary' onclick='addComplete(event,29)'>Attended</button> \n <button class='btn btn-secondary' onclick='addComplete(event,29)'>Not Attended</button>", "read": true, "timestamp": "2023-03-18T13:33:48.218Z" } }, { "model": "hospital.messages", "pk": 149, "fields": { "recipient": 1, "subject": "Confirm completion of appointment Dara", "body": "Hi Onoolapo Abayomi.\n Hope your day was wonderful. We are checking on you again if you have completed your appointment which lasted from 03/18/2023 09:01 AM to 03/18/2023 10:00 AM and we hope it was wonderful. Please note that this message will be sent once more after then the appointment will be deleted \n <button class='btn btn-primary' onclick='addComplete(event,30)'>Attended</button> \n <button class='btn btn-secondary' onclick='addComplete(event,30)'>Not Attended</button>", "read": true, "timestamp": "2023-03-18T13:33:48.283Z" } }, { "model": "hospital.messages", "pk": 150, "fields": { "recipient": 1, "subject": "You just checked out an order", "body": "Hello Dara. \n You just checked out a drug with the name of Optio totam nulla ordering 10 and totalled to $550 .\n We are sorry payment methods doesn't exist now sir,we will message you about how to pay. Thank you", "read": true, "timestamp": "2023-03-18T14:02:11.994Z" } }, { "model": "hospital.messages", "pk": 151, "fields": { "recipient": 17, "subject": "Welcome Arafat", "body": "Welcome to the hospital platform Arafat Balogun,\n We are here to take care of your health needs,kindly take a tour of our platform and the features accessible to you. \n Have a nice day", "read": true, "timestamp": "2023-03-18T15:17:29.565Z" } }, { "model": "hospital.messages", "pk": 152, "fields": { "recipient": 10, "subject": "You just created a new appointment Dr Bolanle", "body": "You just created a new appointment Dr Bolanle from 2023-03-18 16:00:00 to 2023-03-20 00:00:00,\n Cheers to improving healthcare in the world", "read": false, "timestamp": "2023-03-18T15:19:06.973Z" } }, { "model": "hospital.messages", "pk": 153, "fields": { "recipient": 10, "subject": "Expired appointment", "body": "Hi, Bolanle Balogun.\n This is to inform you that the appointment you created from 03/18/2023 03:00 PM to 03/19/2023 11:00 PM has expired.\n As no patient made the appointment,do well to create another. \n Thanks for using this webapp and continue to save lives and provide fantastic healthcare", "read": false, "timestamp": "2023-03-18T15:19:38.233Z" } }, { "model": "hospital.messages", "pk": 154, "fields": { "recipient": 10, "subject": "You just created a new appointment Dr Bolanle", "body": "You just created a new appointment Dr Bolanle from 2023-03-18 17:00:00 to 2023-03-18 18:00:00,\n Cheers to improving healthcare in the world", "read": false, "timestamp": "2023-03-18T15:21:13.130Z" } }, { "model": "hospital.messages", "pk": 155, "fields": { "recipient": 17, "subject": "You just made a new appointment with Dr Bolanle", "body": "Hello Arafat You just made a new appointment with Dr Bolanle Balogun from 03 18, 2023, 04:00 PM to 03 18, 2023, 05:00 PM,\n Cheers to taking note and caring for your health. \n As they say,health is wealth", "read": false, "timestamp": "2023-03-18T15:21:28.342Z" } }, { "model": "hospital.messages", "pk": 156, "fields": { "recipient": 17, "subject": "You just removed an appointment with Dr Bolanle", "body": "Hello Arafat You just removed an appointment with Dr Bolanle Balogun from 03 18, 2023, 04:00 PM to 03 18, 2023, 05:00 PM,\n We hope no problem as to why you decided to remove the appointment. \n Enjoy the rest of your day", "read": false, "timestamp": "2023-03-18T15:21:33.156Z" } }, { "model": "hospital.messages", "pk": 157, "fields": { "recipient": 17, "subject": "You just made a new appointment with Dr Bolanle", "body": "Hello Arafat You just made a new appointment with Dr Bolanle Balogun from 03 18, 2023, 04:00 PM to 03 18, 2023, 05:00 PM,\n Cheers to taking note and caring for your health. \n As they say,health is wealth", "read": false, "timestamp": "2023-03-18T15:21:35.625Z" } }, { "model": "hospital.messages", "pk": 158, "fields": { "recipient": 17, "subject": "You just removed an appointment with Dr Bolanle", "body": "Hello Arafat You just removed an appointment with Dr Bolanle Balogun from 03 18, 2023, 04:00 PM to 03 18, 2023, 05:00 PM,\n We hope no problem as to why you decided to remove the appointment. \n Enjoy the rest of your day", "read": false, "timestamp": "2023-03-18T15:21:44.371Z" } }, { "model": "hospital.messages", "pk": 159, "fields": { "recipient": 17, "subject": "You just made a new appointment with Dr Bolanle", "body": "Hello Arafat You just made a new appointment with Dr Bolanle Balogun from 03 18, 2023, 04:00 PM to 03 18, 2023, 05:00 PM,\n Cheers to taking note and caring for your health. \n As they say,health is wealth", "read": true, "timestamp": "2023-03-18T15:22:03.104Z" } }, { "model": "hospital.messages", "pk": 160, "fields": { "recipient": 17, "subject": "You just added an order to cart", "body": "Hello Arafat. \n You just added to cart a drug with the name of Id, perspiciatis delectus voluptate.You can check the cart page for your orders and its details. Then you can add amount you want to order when you checkout \n Thanks for your patronage,we hope you order it soon", "read": true, "timestamp": "2023-03-18T15:22:54.972Z" } }, { "model": "hospital.messages", "pk": 161, "fields": { "recipient": 17, "subject": "You just checked out an order", "body": "Hello Arafat. \n You just checked out a drug with the name of Id, perspiciatis delectus voluptate ordering 5 and totalled to $325 .\n We are sorry payment methods doesn't exist now sir,we will message you about how to pay. Thank you", "read": true, "timestamp": "2023-03-18T15:23:05.011Z" } }, { "model": "hospital.messages", "pk": 162, "fields": { "recipient": 10, "subject": "You just created a new appointment Dr Bolanle", "body": "You just created a new appointment Dr Bolanle from 2023-03-18 17:18:00 to 2023-03-18 18:00:00,\n Cheers to improving healthcare in the world", "read": false, "timestamp": "2023-03-18T15:30:53.282Z" } }, { "model": "hospital.messages", "pk": 163, "fields": { "recipient": 10, "subject": "You just removed an appointment Dr Bolanle", "body": "You just removed an appointment Dr Bolanle from 03 18, 2023, 04:18 PM to 03 18, 2023, 05:00 PM,\n We hope you add another soon enough", "read": false, "timestamp": "2023-03-18T15:31:12.233Z" } }, { "model": "hospital.messages", "pk": 164, "fields": { "recipient": 10, "subject": "You just created a new appointment Dr Bolanle", "body": "You just created a new appointment Dr Bolanle from 2023-03-18 17:15:00 to 2023-03-18 18:15:00,\n Cheers to improving healthcare in the world", "read": false, "timestamp": "2023-03-18T15:32:27.868Z" } }, { "model": "hospital.messages", "pk": 165, "fields": { "recipient": 10, "subject": "You just removed an appointment Dr Bolanle", "body": "You just removed an appointment Dr Bolanle from 03 18, 2023, 04:15 PM to 03 18, 2023, 05:15 PM,\n We hope you add another soon enough", "read": false, "timestamp": "2023-03-18T15:32:43.331Z" } }, { "model": "hospital.messages", "pk": 166, "fields": { "recipient": 10, "subject": "You just created a new appointment Dr Bolanle", "body": "You just created a new appointment Dr Bolanle from 2023-03-18 17:15:00 to 2023-03-18 18:15:00,\n Cheers to improving healthcare in the world", "read": false, "timestamp": "2023-03-18T15:32:57.658Z" } }, { "model": "hospital.messages", "pk": 167, "fields": { "recipient": 10, "subject": "You just removed an appointment Dr Bolanle", "body": "You just removed an appointment Dr Bolanle from 03 18, 2023, 04:15 PM to 03 18, 2023, 05:15 PM,\n We hope you add another soon enough", "read": false, "timestamp": "2023-03-18T15:33:02.338Z" } }, { "model": "hospital.messages", "pk": 168, "fields": { "recipient": 16, "subject": "Confirm completion of appointment Kunle", "body": "You have marked this appointment as complete.If you didn't,report to the appropriate quarters", "read": true, "timestamp": "2023-03-18T15:33:46.593Z" } }, { "model": "hospital.messages", "pk": 169, "fields": { "recipient": 16, "subject": "Confirm completion of appointment Kunle", "body": "You have marked this appointment as complete.If you didn't,report to the appropriate quarters", "read": true, "timestamp": "2023-03-18T15:33:46.725Z" } }, { "model": "hospital.messages", "pk": 170, "fields": { "recipient": 1, "subject": "Confirm completion of appointment Dara", "body": "Hi Onoolapo Abayomi.\n Hope your day was wonderful. We are checking on you again if you have completed your appointment which lasted from 03/18/2023 07:02 AM to 03/18/2023 08:00 AM and we hope it was wonderful. Please note that this message is the last concerning this appointment,if you don't reply within 2 hrs it will be deleted \n <button class='btn btn-primary' onclick='addComplete(event,29)'>Attended</button> \n <button class='btn btn-secondary' onclick='addComplete(event,29)'>Not Attended</button>", "read": true, "timestamp": "2023-03-18T15:33:46.826Z" } }, { "model": "hospital.messages", "pk": 171, "fields": { "recipient": 1, "subject": "Confirm completion of appointment Dara", "body": "Hi Onoolapo Abayomi.\n Hope your day was wonderful. We are checking on you again if you have completed your appointment which lasted from 03/18/2023 09:01 AM to 03/18/2023 10:00 AM and we hope it was wonderful. Please note that this message is the last concerning this appointment,if you don't reply within 2 hrs it will be deleted \n <button class='btn btn-primary' onclick='addComplete(event,30)'>Attended</button> \n <button class='btn btn-secondary' onclick='addComplete(event,30)'>Not Attended</button>", "read": true, "timestamp": "2023-03-18T15:33:46.907Z" } }, { "model": "hospital.messages", "pk": 172, "fields": { "recipient": 10, "subject": "You just created a new appointment Dr Bolanle", "body": "You just created a new appointment Dr Bolanle from 2023-03-18 17:05:00 to 2023-03-18 18:09:00,\n Cheers to improving healthcare in the world", "read": false, "timestamp": "2023-03-18T15:35:42.818Z" } }, { "model": "hospital.messages", "pk": 173, "fields": { "recipient": 10, "subject": "You just removed an appointment Dr Bolanle", "body": "You just removed an appointment Dr Bolanle from 03 18, 2023, 04:05 PM to 03 18, 2023, 05:09 PM,\n We hope you add another soon enough", "read": false, "timestamp": "2023-03-18T15:36:06.584Z" } }, { "model": "hospital.messages", "pk": 174, "fields": { "recipient": 10, "subject": "You just created a new appointment Dr Bolanle", "body": "You just created a new appointment Dr Bolanle from 2023-03-18 17:07:00 to 2023-03-18 18:07:00,\n Cheers to improving healthcare in the world", "read": false, "timestamp": "2023-03-18T15:36:18.684Z" } }, { "model": "hospital.messages", "pk": 175, "fields": { "recipient": 10, "subject": "You just removed an appointment Dr Bolanle", "body": "You just removed an appointment Dr Bolanle from 03 18, 2023, 04:07 PM to 03 18, 2023, 05:07 PM,\n We hope you add another soon enough", "read": false, "timestamp": "2023-03-18T15:38:07.554Z" } }, { "model": "hospital.messages", "pk": 176, "fields": { "recipient": 10, "subject": "You just created a new appointment Dr Bolanle", "body": "You just created a new appointment Dr Bolanle from 2023-03-18 17:06:00 to 2023-03-18 18:07:00,\n Cheers to improving healthcare in the world", "read": false, "timestamp": "2023-03-18T15:38:41.592Z" } }, { "model": "hospital.messages", "pk": 177, "fields": { "recipient": 10, "subject": "You just removed an appointment Dr Bolanle", "body": "You just removed an appointment Dr Bolanle from 03 18, 2023, 04:06 PM to 03 18, 2023, 05:07 PM,\n We hope you add another soon enough", "read": false, "timestamp": "2023-03-18T15:38:46.473Z" } }, { "model": "hospital.messages", "pk": 178, "fields": { "recipient": 10, "subject": "You just created a new appointment Dr Bolanle", "body": "You just created a new appointment Dr Bolanle from 2023-03-18 20:00:00 to 2023-03-18 21:00:00,\n Cheers to improving healthcare in the world", "read": false, "timestamp": "2023-03-18T15:48:25.558Z" } }, { "model": "hospital.messages", "pk": 179, "fields": { "recipient": 10, "subject": "You just created a new appointment Dr Bolanle", "body": "You just created a new appointment Dr Bolanle from 2023-03-18 21:01:00 to 2023-03-18 22:01:00,\n Cheers to improving healthcare in the world", "read": false, "timestamp": "2023-03-18T15:52:02.947Z" } }, { "model": "hospital.messages", "pk": 180, "fields": { "recipient": 10, "subject": "You just created a new appointment Dr Bolanle", "body": "You just created a new appointment Dr Bolanle from 2023-03-18 17:06:00 to 2023-03-18 18:17:00,\n Cheers to improving healthcare in the world", "read": false, "timestamp": "2023-03-18T15:53:45.342Z" } }, { "model": "hospital.messages", "pk": 181, "fields": { "recipient": 10, "subject": "You just removed an appointment Dr Bolanle", "body": "You just removed an appointment Dr Bolanle from 03 18, 2023, 04:06 PM to 03 18, 2023, 05:17 PM,\n We hope you add another soon enough", "read": false, "timestamp": "2023-03-18T15:54:45.361Z" } }, { "model": "hospital.messages", "pk": 182, "fields": { "recipient": 10, "subject": "You just created a new appointment Dr Bolanle", "body": "You just created a new appointment Dr Bolanle from 2023-03-18 17:06:00 to 2023-03-18 18:17:00,\n Cheers to improving healthcare in the world", "read": false, "timestamp": "2023-03-18T15:55:16.439Z" } }, { "model": "hospital.messages", "pk": 183, "fields": { "recipient": 10, "subject": "You just removed an appointment Dr Bolanle", "body": "You just removed an appointment Dr Bolanle from 03 18, 2023, 04:06 PM to 03 18, 2023, 05:17 PM,\n We hope you add another soon enough", "read": false, "timestamp": "2023-03-18T15:55:23.630Z" } }, { "model": "hospital.messages", "pk": 184, "fields": { "recipient": 10, "subject": "You just created a new appointment Dr Bolanle", "body": "You just created a new appointment Dr Bolanle from 2023-03-18 17:06:00 to 2023-03-18 18:17:00,\n Cheers to improving healthcare in the world", "read": false, "timestamp": "2023-03-18T15:56:36.456Z" } }, { "model": "hospital.messages", "pk": 185, "fields": { "recipient": 10, "subject": "You just removed an appointment Dr Bolanle", "body": "You just removed an appointment Dr Bolanle from 03 18, 2023, 04:06 PM to 03 18, 2023, 05:17 PM,\n We hope you add another soon enough", "read": false, "timestamp": "2023-03-18T15:56:41.054Z" } }, { "model": "hospital.messages", "pk": 186, "fields": { "recipient": 10, "subject": "You just created a new appointment Dr Bolanle", "body": "You just created a new appointment Dr Bolanle from 2023-03-18 18:17:00 to 2023-03-18 19:00:00,\n Cheers to improving healthcare in the world", "read": false, "timestamp": "2023-03-18T15:59:59.379Z" } }, { "model": "hospital.messages", "pk": 187, "fields": { "recipient": 10, "subject": "Completed appointment🎉🎉", "body": "Hello Dr Bolanle Balogun. \n Thanks for completing your appointment with Onoolapo Abayomi from 03/18/2023 09:01 AM to 03/18/2023 10:00 AM \n We hope it was fruitful.\n If you didn't complete this appointment,pls report to the appropriate quarters", "read": false, "timestamp": "2023-03-18T16:14:11.063Z" } }, { "model": "hospital.messages", "pk": 188, "fields": { "recipient": 1, "subject": "Completed appointment🎉🎉", "body": "Hello Onoolapo Abayomi. \n Thanks for completing your appointment with Dr Bolanle Balogun from 03/18/2023 09:01 AM to 03/18/2023 10:00 AM \n We hope it was fruitful.\n If you didn't complete this appointment,pls report to the appropriate quarters", "read": true, "timestamp": "2023-03-18T16:14:11.281Z" } }, { "model": "hospital.messages", "pk": 189, "fields": { "recipient": 10, "subject": "Completed appointment🎉🎉", "body": "Hello Dr Bolanle Balogun. \n Thanks for completing your appointment with Onoolapo Abayomi from 03/18/2023 07:02 AM to 03/18/2023 08:00 AM \n We hope it was fruitful.\n If you didn't complete this appointment,pls report to the appropriate quarters", "read": false, "timestamp": "2023-03-18T16:14:38.086Z" } }, { "model": "hospital.messages", "pk": 190, "fields": { "recipient": 1, "subject": "Completed appointment🎉🎉", "body": "Hello Onoolapo Abayomi. \n Thanks for completing your appointment with Dr Bolanle Balogun from 03/18/2023 07:02 AM to 03/18/2023 08:00 AM \n We hope it was fruitful.\n If you didn't complete this appointment,pls report to the appropriate quarters", "read": true, "timestamp": "2023-03-18T16:14:38.149Z" } }, { "model": "hospital.messages", "pk": 191, "fields": { "recipient": 17, "subject": "Confirm completion of appointment Arafat", "body": "You have marked this appointment as complete.If you didn't,report to the appropriate quarters", "read": true, "timestamp": "2023-03-18T16:15:22.528Z" } }, { "model": "hospital.messages", "pk": 192, "fields": { "recipient": 10, "subject": "Completed appointment🎉🎉", "body": "Hello Dr Bolanle Balogun. \n Thanks for completing your appointment with Sanni Abdulameen from 03/18/2023 06:01 AM to 03/18/2023 07:01 AM \n We hope it was fruitful.\n If you didn't complete this appointment,pls report to the appropriate quarters", "read": false, "timestamp": "2023-03-18T16:15:57.778Z" } }, { "model": "hospital.messages", "pk": 193, "fields": { "recipient": 16, "subject": "Completed appointment🎉🎉", "body": "You have marked this appointment as complete.If you didn't,report to the appropriate quarters", "read": false, "timestamp": "2023-03-18T16:15:58.063Z" } }, { "model": "hospital.messages", "pk": 194, "fields": { "recipient": 10, "subject": "Completed appointment🎉🎉", "body": "Hello Dr Bolanle Balogun. \n Thanks for completing your appointment with Sanni Abdulameen from 03/18/2023 05:00 AM to 03/18/2023 06:00 AM \n We hope it was fruitful.\n If you didn't complete this appointment,pls report to the appropriate quarters", "read": false, "timestamp": "2023-03-18T16:16:20.409Z" } }, { "model": "hospital.messages", "pk": 195, "fields": { "recipient": 16, "subject": "Completed appointment🎉🎉", "body": "You have marked this appointment as complete.If you didn't,report to the appropriate quarters", "read": false, "timestamp": "2023-03-18T16:16:20.503Z" } }, { "model": "hospital.messages", "pk": 196, "fields": { "recipient": 10, "subject": "Completed appointment🎉🎉", "body": "Hello Dr Bolanle Balogun. \n Thanks for completing your appointment with Arafat Barakat from 03/18/2023 04:00 PM to 03/18/2023 05:00 PM \n We hope it was fruitful.\n If you didn't complete this appointment,pls report to the appropriate quarters", "read": true, "timestamp": "2023-03-18T16:18:58.411Z" } }, { "model": "hospital.messages", "pk": 197, "fields": { "recipient": 17, "subject": "Completed appointment🎉🎉", "body": "You have marked this appointment as complete.If you didn't,report to the appropriate quarters", "read": false, "timestamp": "2023-03-18T16:18:58.500Z" } }, { "model": "hospital.messages", "pk": 198, "fields": { "recipient": 10, "subject": "You just created a new appointment Dr Bolanle", "body": "You just created a new appointment Dr Bolanle from 2023-03-19 01:00:00 to 2023-03-19 02:00:00,\n Cheers to improving healthcare in the world", "read": false, "timestamp": "2023-03-18T16:47:21.778Z" } }, { "model": "hospital.messages", "pk": 199, "fields": { "recipient": 10, "subject": "You just created a new appointment Dr Bolanle", "body": "You just created a new appointment Dr Bolanle from 2023-03-18 23:00:00 to 2023-03-18 23:59:00,\n Cheers to improving healthcare in the world", "read": false, "timestamp": "2023-03-18T16:47:50.581Z" } }, { "model": "hospital.messages", "pk": 200, "fields": { "recipient": 17, "subject": "You just made a new appointment with Dr Bolanle", "body": "Hello Arafat You just made a new appointment with Dr Bolanle Balogun from 03 18, 2023, 05:17 PM to 03 18, 2023, 06:00 PM,\n Cheers to taking note and caring for your health. \n As they say,health is wealth", "read": false, "timestamp": "2023-03-18T16:49:01.257Z" } }, { "model": "hospital.messages", "pk": 201, "fields": { "recipient": 17, "subject": "You just made a new appointment with Dr Bolanle", "body": "Hello Arafat You just made a new appointment with Dr Bolanle Balogun from 03 18, 2023, 07:00 PM to 03 18, 2023, 08:00 PM,\n Cheers to taking note and caring for your health. \n As they say,health is wealth", "read": false, "timestamp": "2023-03-18T16:49:11.091Z" } }, { "model": "hospital.messages", "pk": 202, "fields": { "recipient": 1, "subject": "You just made a new appointment with Dr Bolanle", "body": "Hello Dara You just made a new appointment with Dr Bolanle Balogun from 03 18, 2023, 08:01 PM to 03 18, 2023, 09:01 PM,\n Cheers to taking note and caring for your health. \n As they say,health is wealth", "read": false, "timestamp": "2023-03-18T16:56:25.757Z" } }, { "model": "hospital.messages", "pk": 203, "fields": { "recipient": 1, "subject": "You just made a new appointment with Dr Bolanle", "body": "Hello Dara You just made a new appointment with Dr Bolanle Balogun from 03 18, 2023, 10:00 PM to 03 18, 2023, 10:59 PM,\n Cheers to taking note and caring for your health. \n As they say,health is wealth", "read": false, "timestamp": "2023-03-18T16:56:29.348Z" } }, { "model": "hospital.messages", "pk": 204, "fields": { "recipient": 1, "subject": "You just removed an appointment with Dr Bolanle", "body": "Hello Dara You just removed an appointment with Dr Bolanle Balogun from 03 18, 2023, 08:01 PM to 03 18, 2023, 09:01 PM,\n We hope no problem as to why you decided to remove the appointment. \n Enjoy the rest of your day", "read": false, "timestamp": "2023-03-18T16:56:40.552Z" } }, { "model": "hospital.messages", "pk": 205, "fields": { "recipient": 1, "subject": "You just added an order to cart", "body": "Hello Dara. \n You just added to cart a drug with the name of Id, perspiciatis delectus voluptate.You can check the cart page for your orders and its details. Then you can add amount you want to order when you checkout \n Thanks for your patronage,we hope you order it soon", "read": false, "timestamp": "2023-03-18T16:57:38.665Z" } }, { "model": "hospital.messages", "pk": 206, "fields": { "recipient": 1, "subject": "You just checked out an order", "body": "Hello Dara. \n You just checked out a drug with the name of Assumenda, ratione deleniti. ordering 10 and totalled to $650 .\n We are sorry payment methods doesn't exist now sir,we will message you about how to pay. Thank you", "read": false, "timestamp": "2023-03-18T17:03:44.373Z" } }, { "model": "hospital.messages", "pk": 207, "fields": { "recipient": 1, "subject": "You just checked out an order", "body": "Hello Dara. \n You just checked out a drug with the name of Optio totam nulla ordering 5 and totalled to $275 .\n We are sorry payment methods doesn't exist now sir,we will message you about how to pay. Thank you", "read": false, "timestamp": "2023-03-18T17:15:08.974Z" } }, { "model": "hospital.messages", "pk": 208, "fields": { "recipient": 1, "subject": "You just checked out an order", "body": "Hello Dara. \n You just checked out a drug with the name of Optio totam nulla ordering 5 and totalled to $275 .\n We are sorry payment methods doesn't exist now sir,we will message you about how to pay. Thank you", "read": false, "timestamp": "2023-03-18T17:15:13.668Z" } }, { "model": "hospital.messages", "pk": 209, "fields": { "recipient": 1, "subject": "You just checked out an order", "body": "Hello Dara. \n You just checked out a drug with the name of Optio totam nulla ordering 5 and totalled to $275 .\n We are sorry payment methods doesn't exist now sir,we will message you about how to pay. Thank you", "read": false, "timestamp": "2023-03-18T17:15:14.560Z" } }, { "model": "hospital.messages", "pk": 210, "fields": { "recipient": 1, "subject": "You just checked out an order", "body": "Hello Dara. \n You just checked out a drug with the name of Optio totam nulla ordering 6 and totalled to $330 .\n We are sorry payment methods doesn't exist now sir,we will message you about how to pay. Thank you", "read": false, "timestamp": "2023-03-18T17:15:40.327Z" } }, { "model": "hospital.messages", "pk": 211, "fields": { "recipient": 1, "subject": "You just checked out an order", "body": "Hello Dara. \n You just checked out a drug with the name of Assumenda, ratione deleniti. ordering 7 and totalled to $455 .\n We are sorry payment methods doesn't exist now sir,we will message you about how to pay. Thank you", "read": false, "timestamp": "2023-03-18T17:16:03.117Z" } }, { "model": "hospital.messages", "pk": 212, "fields": { "recipient": 1, "subject": "You just made a new appointment with Dr Bolanle", "body": "Hello Dara You just made a new appointment with Dr Bolanle Balogun from 03 19, 2023, 12:00 AM to 03 19, 2023, 01:00 AM,\n Cheers to taking note and caring for your health. \n As they say,health is wealth", "read": false, "timestamp": "2023-03-18T17:20:19.371Z" } }, { "model": "hospital.messages", "pk": 213, "fields": { "recipient": 1, "subject": "You just removed an appointment with Dr Bolanle", "body": "Hello Dara You just removed an appointment with Dr Bolanle Balogun from 03 19, 2023, 12:00 AM to 03 19, 2023, 01:00 AM,\n We hope no problem as to why you decided to remove the appointment. \n Enjoy the rest of your day", "read": false, "timestamp": "2023-03-18T17:20:30.047Z" } }, { "model": "hospital.messages", "pk": 214, "fields": { "recipient": 1, "subject": "You just checked out an order", "body": "Hello Dara. \n You just checked out a drug with the name of Assumenda, ratione deleniti. ordering 7 and totalled to $455 .\n We are sorry payment methods doesn't exist now sir,we will message you about how to pay. Thank you", "read": false, "timestamp": "2023-03-18T17:21:38.220Z" } }, { "model": "hospital.messages", "pk": 215, "fields": { "recipient": 1, "subject": "You just checked out an order", "body": "Hello Dara. \n You just checked out a drug with the name of Assumenda, ratione deleniti. ordering 3 and totalled to $195 .\n We are sorry payment methods doesn't exist now sir,we will message you about how to pay. Thank you", "read": true, "timestamp": "2023-03-18T17:21:56.630Z" } }, { "model": "hospital.messages", "pk": 216, "fields": { "recipient": 1, "subject": "You just removed an order from your cart", "body": "Hello Dara. \n You just removed from cart a drug with the name of Optio totam nulla.\n Enjoy the rest of your day", "read": true, "timestamp": "2023-03-18T17:22:05.641Z" } }, { "model": "hospital.messages", "pk": 217, "fields": { "recipient": 1, "subject": "You just made a new appointment with Dr Bolanle", "body": "Hello Dara You just made a new appointment with Dr Bolanle Balogun from 03 18, 2023, 08:01 PM to 03 18, 2023, 09:01 PM,\n Cheers to taking note and caring for your health. \n As they say,health is wealth", "read": false, "timestamp": "2023-03-18T17:25:49.903Z" } }, { "model": "hospital.messages", "pk": 218, "fields": { "recipient": 1, "subject": "You just removed an appointment with Dr Bolanle", "body": "Hello Dara You just removed an appointment with Dr Bolanle Balogun from 03 18, 2023, 10:00 PM to 03 18, 2023, 10:59 PM,\n We hope no problem as to why you decided to remove the appointment. \n Enjoy the rest of your day", "read": true, "timestamp": "2023-03-18T17:26:00.309Z" } }, { "model": "hospital.messages", "pk": 219, "fields": { "recipient": 1, "subject": "You just added an order to cart", "body": "Hello Dara. \n You just added to cart a drug with the name of Ex impedit nostrum nesciunt.You can check the cart page for your orders and its details. Then you can add amount you want to order when you checkout \n Thanks for your patronage,we hope you order it soon", "read": true, "timestamp": "2023-03-18T17:26:19.834Z" } }, { "model": "hospital.messages", "pk": 220, "fields": { "recipient": 10, "subject": "You just removed an appointment Dr Bolanle", "body": "You just removed an appointment Dr Bolanle from 03 19, 2023, 12:00 AM to 03 19, 2023, 01:00 AM,\n We hope you add another soon enough", "read": false, "timestamp": "2023-03-18T17:27:34.794Z" } }, { "model": "hospital.messages", "pk": 221, "fields": { "recipient": 10, "subject": "You just removed an appointment Dr Bolanle", "body": "You just removed an appointment Dr Bolanle from 03 18, 2023, 10:00 PM to 03 18, 2023, 10:59 PM,\n We hope you add another soon enough", "read": false, "timestamp": "2023-03-18T17:27:38.375Z" } }, { "model": "hospital.messages", "pk": 222, "fields": { "recipient": 10, "subject": "You just created a new appointment Dr Bolanle", "body": "You just created a new appointment Dr Bolanle from 2023-03-19 06:00:00 to 2023-03-19 07:00:00,\n Cheers to improving healthcare in the world", "read": false, "timestamp": "2023-03-18T17:27:55.796Z" } }, { "model": "hospital.messages", "pk": 223, "fields": { "recipient": 17, "subject": "Confirm completion of appointment Arafat", "body": "You have marked this appointment not attended and has been removed.If you didn't,report to the appropriate quarters", "read": true, "timestamp": "2023-03-18T17:37:50.544Z" } }, { "model": "hospital.messages", "pk": 224, "fields": { "recipient": 1, "subject": "You just removed an appointment with Dr Bolanle", "body": "Hello Dara You just removed an appointment with Dr Bolanle Balogun123 from 03 18, 2023, 08:01 PM to 03 18, 2023, 09:01 PM,\n We hope no problem as to why you decided to remove the appointment. \n Enjoy the rest of your day", "read": false, "timestamp": "2023-03-18T17:44:32.934Z" } }, { "model": "hospital.messages", "pk": 225, "fields": { "recipient": 1, "subject": "You just made a new appointment with Dr Bolanle", "body": "Hello Dara You just made a new appointment with Dr Bolanle Balogun123 from 03 18, 2023, 08:01 PM to 03 18, 2023, 09:01 PM,\n Cheers to taking note and caring for your health. \n As they say,health is wealth", "read": false, "timestamp": "2023-03-18T17:44:41.397Z" } }, { "model": "hospital.messages", "pk": 226, "fields": { "recipient": 1, "subject": "You just made a new appointment with Dr Bolanle", "body": "Hello Dara You just made a new appointment with Dr Bolanle Balogun123 from 03 19, 2023, 05:00 AM to 03 19, 2023, 06:00 AM,\n Cheers to taking note and caring for your health. \n As they say,health is wealth", "read": false, "timestamp": "2023-03-18T17:44:45.925Z" } }, { "model": "hospital.messages", "pk": 227, "fields": { "recipient": 1, "subject": "You just removed an appointment with Dr Bolanle", "body": "Hello Dara You just removed an appointment with Dr Bolanle Balogun123 from 03 18, 2023, 08:01 PM to 03 18, 2023, 09:01 PM,\n We hope no problem as to why you decided to remove the appointment. \n Enjoy the rest of your day", "read": false, "timestamp": "2023-03-18T17:44:49.121Z" } }, { "model": "hospital.messages", "pk": 228, "fields": { "recipient": 1, "subject": "You just removed an appointment with Dr Bolanle", "body": "Hello Dara You just removed an appointment with Dr Bolanle Balogun123 from 03 19, 2023, 05:00 AM to 03 19, 2023, 06:00 AM,\n We hope no problem as to why you decided to remove the appointment. \n Enjoy the rest of your day", "read": false, "timestamp": "2023-03-18T17:46:27.501Z" } }, { "model": "hospital.messages", "pk": 229, "fields": { "recipient": 1, "subject": "You just made a new appointment with Dr Bolanle", "body": "Hello Dara You just made a new appointment with Dr Bolanle Balogun123 from 03 18, 2023, 08:01 PM to 03 18, 2023, 09:01 PM,\n Cheers to taking note and caring for your health. \n As they say,health is wealth", "read": true, "timestamp": "2023-03-18T17:46:30.243Z" } }, { "model": "hospital.messages", "pk": 230, "fields": { "recipient": 1, "subject": "You just made a new appointment with Dr Bolanle", "body": "Hello Dara You just made a new appointment with Dr Bolanle Balogun123 from 03 19, 2023, 05:00 AM to 03 19, 2023, 06:00 AM,\n Cheers to taking note and caring for your health. \n As they say,health is wealth", "read": false, "timestamp": "2023-03-18T17:46:33.854Z" } }, { "model": "hospital.messages", "pk": 231, "fields": { "recipient": 1, "subject": "You just removed an appointment with Dr Bolanle", "body": "Hello Dara You just removed an appointment with Dr Bolanle Balogun123 from 03 18, 2023, 08:01 PM to 03 18, 2023, 09:01 PM,\n We hope no problem as to why you decided to remove the appointment. \n Enjoy the rest of your day", "read": false, "timestamp": "2023-03-18T17:46:48.479Z" } }, { "model": "hospital.messages", "pk": 232, "fields": { "recipient": 1, "subject": "You just checked out an order", "body": "Hello Dara. \n You just checked out a drug with the name of Amet consectetur adipisicing elit. ordering 10 and totalled to $200 .\n We are sorry payment methods doesn't exist now sir,we will message you about how to pay. Thank you", "read": false, "timestamp": "2023-03-18T17:47:23.932Z" } }, { "model": "hospital.messages", "pk": 233, "fields": { "recipient": 1, "subject": "You just removed an order from your cart", "body": "Hello Dara. \n You just removed from cart a drug with the name of Id, perspiciatis delectus voluptate.\n Enjoy the rest of your day", "read": false, "timestamp": "2023-03-18T17:47:44.468Z" } }, { "model": "hospital.messages", "pk": 234, "fields": { "recipient": 1, "subject": "You just added an order to cart", "body": "Hello Dara. \n You just added to cart a drug with the name of Tempore iure obcaecati incidunt provident.You can check the cart page for your orders and its details. Then you can add amount you want to order when you checkout \n Thanks for your patronage,we hope you order it soon", "read": true, "timestamp": "2023-03-18T17:47:57.992Z" } }, { "model": "hospital.messages", "pk": 235, "fields": { "recipient": 10, "subject": "You just created a new appointment Dr Bolanle", "body": "You just created a new appointment Dr Bolanle from 2023-03-19 14:00:00 to 2023-03-19 15:00:00,\n Cheers to improving healthcare in the world", "read": false, "timestamp": "2023-03-18T17:50:23.897Z" } }, { "model": "hospital.messages", "pk": 236, "fields": { "recipient": 10, "subject": "You just removed an appointment Dr Bolanle", "body": "You just removed an appointment Dr Bolanle from 03 18, 2023, 08:01 PM to 03 18, 2023, 09:01 PM,\n We hope you add another soon enough", "read": true, "timestamp": "2023-03-18T17:50:29.838Z" } }, { "model": "hospital.messages", "pk": 237, "fields": { "recipient": 10, "subject": "Deletion of an appointment", "body": "Hi Dr Bolanle Balogun123.\n This message is to inform you that the appointment from 03/18/2023 05:17 PM to 03/18/2023 06:00 PM that was made by patient Arafat Barakat because the patient confirmed that the appointment didn't hold.If it held please report to the appropriate quarters", "read": false, "timestamp": "2023-03-18T18:37:32.728Z" } }, { "model": "hospital.messages", "pk": 238, "fields": { "recipient": 17, "subject": "Deletion of an appointment", "body": "You have marked this appointment not attended and has been removed.If you didn't,report to the appropriate quarters", "read": false, "timestamp": "2023-03-18T18:37:32.837Z" } }, { "model": "hospital.messages", "pk": 239, "fields": { "recipient": 17, "subject": "Confirm completion of appointment Arafat", "body": "Hi Arafat Barakat.\n Hope your day was wonderful. We are checking if you have completed your appointment which lasted from 03/18/2023 07:00 PM to 03/18/2023 08:00 PM and we hope it was wonderful.This is the first message concerning this appointment \n <button class='btn btn-primary' onclick='addComplete(event,35)'>Attended</button> \n <button class='btn btn-secondary' onclick='addComplete(event,35)'>Not Attended</button>", "read": false, "timestamp": "2023-04-05T00:09:59.735Z" } }, { "model": "hospital.messages", "pk": 240, "fields": { "recipient": 1, "subject": "Confirm completion of appointment Dara", "body": "Hi Onoolapo Hello.\n Hope your day was wonderful. We are checking if you have completed your appointment which lasted from 03/19/2023 05:00 AM to 03/19/2023 06:00 AM and we hope it was wonderful.This is the first message concerning this appointment \n <button class='btn btn-primary' onclick='addComplete(event,43)'>Attended</button> \n <button class='btn btn-secondary' onclick='addComplete(event,43)'>Not Attended</button>", "read": false, "timestamp": "2023-04-05T00:10:01.270Z" } }, { "model": "hospital.messages", "pk": 241, "fields": { "recipient": 10, "subject": "Expired appointment", "body": "Hi, Bolanle Balogun123.\n This is to inform you that the appointment you created from 03/19/2023 01:00 PM to 03/19/2023 02:00 PM has expired.\n As no patient made the appointment,do well to create another. \n Thanks for using this webapp and continue to save lives and provide fantastic healthcare", "read": false, "timestamp": "2023-04-05T00:10:01.419Z" } }, { "model": "hospital.pharmacy", "pk": 1, "fields": { "drugpic": "images/drugs/pexels-anna-shvets-3683039.jpg", "name": "Lorem ipsum dolor sit", "descr": "Lorem ipsum dolor sit amet consectetur adipisicing elit. Ad eius corrupti quos repellendus pariatur ratione quia in, minima et, aspernatur", "prescription": "illo fuga dolores non provident eos sapiente? Repellendus, nulla at?", "orders": 0, "price": 40, "instock": 20, "timestamp": "2023-03-07T20:41:50.507Z" } }, { "model": "hospital.pharmacy", "pk": 2, "fields": { "drugpic": "images/drugs/pexels-anna-shvets-3683041.jpg", "name": "Amet consectetur adipisicing elit.", "descr": "Lorem ipsum dolor sit amet consectetur adipisicing elit. Eligendi dolorem qui magnam quidem dicta iure explicabo, inventore maiores doloribus deserunt itaque modi.", "prescription": "Repellat voluptates, at maxime voluptatibus perspiciatis doloremque mollitia!", "orders": 0, "price": 20, "instock": 54, "timestamp": "2023-03-07T20:42:55.640Z" } }, { "model": "hospital.pharmacy", "pk": 3, "fields": { "drugpic": "images/drugs/pexels-anna-shvets-3683055.jpg", "name": "Reprehenderit suscipit voluptate", "descr": "Lorem ipsum dolor sit amet consectetur adipisicing elit. Reprehenderit suscipit voluptate alias eius autem libero", "prescription": "doloremque sapiente, mollitia neque ea itaque nobis obcaecati! Nobis autem quasi commodi, nesciunt ducimus quas!", "orders": 0, "price": 35, "instock": 42, "timestamp": "2023-03-07T20:44:11.778Z" } }, { "model": "hospital.pharmacy", "pk": 4, "fields": { "drugpic": "images/drugs/pexels-anna-shvets-3683088.jpg", "name": "Quasi optio sequi quia magnam!", "descr": "Lorem ipsum dolor sit amet, consectetur adipisicing elit. Quasi optio sequi quia magnam! Cupiditate praesentium ipsa laboriosam!", "prescription": "Quasi natus, illum earum magni recusandae delectus minus sint dicta iste nulla excepturi.", "orders": 0, "price": 60, "instock": 43, "timestamp": "2023-03-07T20:45:12.197Z" } }, { "model": "hospital.pharmacy", "pk": 5, "fields": { "drugpic": "images/drugs/pexels-anna-shvets-3683113.jpg", "name": "Rem, incidunt", "descr": "Lorem ipsum dolor, sit amet consectetur adipisicing elit. Rem, incidunt. Architecto fugit totam laudantium eaque necessitatibus", "prescription": "delectus possimus expedita beatae id dolore molestiae eligendi, dignissimos nesciunt cupiditate nam ducimus? Iure?", "orders": 0, "price": 60, "instock": 45, "timestamp": "2023-03-07T20:46:15.942Z" } }, { "model": "hospital.pharmacy", "pk": 6, "fields": { "drugpic": "images/drugs/pexels-pixabay-139398.jpg", "name": "Odio quo laborum deleniti", "descr": "Lorem ipsum dolor sit amet consectetur adipisicing elit. Odio quo laborum deleniti distinctio ut facere ea corrupti quibusdam,", "prescription": "tenetur corporis asperiores, maxime molestias nulla assumenda inventore! Aliquid harum iste alias.", "orders": 0, "price": 45, "instock": 50, "timestamp": "2023-03-07T20:48:10.581Z" } }, { "model": "hospital.pharmacy", "pk": 7, "fields": { "drugpic": "images/drugs/pexels-pixabay-208512.jpg", "name": "Optio totam nulla", "descr": "Lorem ipsum dolor sit amet consectetur adipisicing elit. Optio totam nulla, culpa magnam quas ab iusto molestias et!", "prescription": "Consectetur officiis animi repellat sed libero ipsam eum dolores, quis sapiente obcaecati.", "orders": 0, "price": 55, "instock": 70, "timestamp": "2023-03-07T20:49:02.625Z" } }, { "model": "hospital.pharmacy", "pk": 8, "fields": { "drugpic": "images/drugs/pexels-polina-tankilevitch-3873141.jpg", "name": "Id, perspiciatis delectus voluptate", "descr": "Lorem ipsum dolor, sit amet consectetur adipisicing elit. Id, perspiciatis delectus voluptate placeat corporis aliquam!", "prescription": "Voluptatem, obcaecati recusandae ipsum voluptatum ea totam unde quam saepe, dolorum, esse dicta et dolore.", "orders": 0, "price": 65, "instock": 40, "timestamp": "2023-03-07T20:50:07.158Z" } }, { "model": "hospital.pharmacy", "pk": 9, "fields": { "drugpic": "images/drugs/pexels-shvets-production-9742764.jpg", "name": "Assumenda, ratione deleniti.", "descr": "Lorem ipsum dolor, sit amet consectetur adipisicing elit. Assumenda, ratione deleniti. Enim optio rerum", "prescription": "officia doloribus vitae magnam nostrum sunt quos dolore. Odio omnis inventore, nemo deserunt voluptatibus autem reiciendis.", "orders": 0, "price": 65, "instock": 76, "timestamp": "2023-03-07T20:51:09.679Z" } }, { "model": "hospital.pharmacy", "pk": 10, "fields": { "drugpic": "images/drugs/pexels-polina-tankilevitch-3873147.jpg", "name": "Ex impedit nostrum nesciunt", "descr": "Lorem ipsum dolor sit amet, consectetur adipisicing elit. Ex impedit nostrum nesciunt nulla. Quo recusandae cum quasi, dolorem sed qui beatae", "prescription": "at earum, architecto, dignissimos minima. Dolore repellendus veritatis maiores!", "orders": 0, "price": 35, "instock": 70, "timestamp": "2023-03-07T20:55:00.614Z" } }, { "model": "hospital.pharmacy", "pk": 11, "fields": { "drugpic": "images/drugs/pexels-shvets-production-9742738.jpg", "name": "Vel expedita dolor eius accusamus", "descr": "Lorem ipsum dolor sit amet consectetur adipisicing elit. Vel expedita dolor eius accusamus facere ex rerum sit", "prescription": "neque iste doloribus deserunt veniam, distinctio provident error mollitia deleniti iusto sed asperiores?", "orders": 0, "price": 70, "instock": 45, "timestamp": "2023-03-07T20:55:44.054Z" } }, { "model": "hospital.pharmacy", "pk": 12, "fields": { "drugpic": "images/drugs/myriam-zilles-KltoLK6Mk-g-unsplash.jpg", "name": "Tempore iure obcaecati incidunt provident", "descr": "Lorem ipsum dolor sit amet consectetur adipisicing elit. Tempore iure obcaecati incidunt provident itaque, quidem tempora, quibusdam assumenda enim velit nemo totam quia quod ea officiis natus,", "prescription": "architecto facilis! Obcaecati?", "orders": 0, "price": 45, "instock": 35, "timestamp": "2023-03-07T20:56:36.254Z" } }, { "model": "hospital.pharmacy", "pk": 13, "fields": { "drugpic": "images/drugs/christine-sandu-RGvxmouRioE-unsplash.jpg", "name": "Ratione quo natus officiis expedita", "descr": "Lorem ipsum dolor sit amet consectetur adipisicing elit. Repudiandae quam nam ratione quo natus officiis expedita deserunt quisquam eaque praesentium minus,", "prescription": "veniam soluta non, perspiciatis aliquam quod debitis. Eos, officiis.", "orders": 0, "price": 75, "instock": 40, "timestamp": "2023-03-07T20:59:38.361Z" } }, { "model": "hospital.pharmacy", "pk": 14, "fields": { "drugpic": "images/drugs/stephen-foster-IcwbJuCK-kQ-unsplash.jpg", "name": "Est debitis repellat et dignissimos", "descr": "Lorem ipsum, dolor sit amet consectetur adipisicing elit. Est debitis repellat et dignissimos", "prescription": "alias eos voluptatibus magnam, culpa, dolor nulla libero dolore quidem recusandae officiis accusantium? Suscipit excepturi laborum molestias!", "orders": 0, "price": 50, "instock": 50, "timestamp": "2023-03-07T21:02:49.425Z" } }, { "model": "hospital.order", "pk": 8, "fields": { "patient": 1, "amount": 10, "itemprice": 200, "drug": 2, "sucessful": false } }, { "model": "hospital.order", "pk": 10, "fields": { "patient": 17, "amount": 5, "itemprice": 325, "drug": 8, "sucessful": false } }, { "model": "hospital.order", "pk": 12, "fields": { "patient": 1, "amount": 3, "itemprice": 195, "drug": 9, "sucessful": false } }, { "model": "hospital.order", "pk": 13, "fields": { "patient": 1, "amount": 0, "itemprice": 0, "drug": 10, "sucessful": false } }, { "model": "hospital.order", "pk": 14, "fields": { "patient": 1, "amount": 0, "itemprice": 0, "drug": 12, "sucessful": false } }, { "model": "hospital.doctorinfo", "pk": 4, "fields": { "doctor": 10, "descr": "   Aliquid dolorem magnam fuga omnis, adipisci ullam quisquam non tempore cumque libero dolores blanditiis, veniam sapiente commodi labore, blanditiis deleniti velit consectetur doloremque eius earum ea tempore explicabo excepturi, quos quaerat odit exp   ", "skills": [1, 4, 6, 8], "appointments": [35, 43], "availables": [], "completed": [19, 24, 27, 28, 29, 30, 33] } }, { "model": "hospital.doctorinfo", "pk": 5, "fields": { "doctor": 11, "descr": "Quidem voluptate magnam magni repellat enim sint ipsam est, numquam ratione laborum quia neque, sed beatae accusantium quasi error porro aspernatur ut cum, laudantium velit doloremque molestiae. Distinctio ratione veniam expedita dolorem rerum placea", "skills": [1, 2, 3], "appointments": [], "availables": [], "completed": [21] } }, { "model": "hospital.patientinfo", "pk": 5, "fields": { "patient": 1, "appointments": [61], "completed": [19, 21, 24, 29, 30], "cart": [8, 12, 13, 14], "successful_orders": [], "cancelled_orders": [] } }, { "model": "hospital.patientinfo", "pk": 10, "fields": { "patient": 16, "appointments": [], "completed": [27, 28], "cart": [], "successful_orders": [], "cancelled_orders": [] } }, { "model": "hospital.patientinfo", "pk": 11, "fields": { "patient": 17, "appointments": [53], "completed": [33], "cart": [10], "successful_orders": [], "cancelled_orders": [] } }, { "model": "admin.logentry", "pk": 1, "fields": { "action_time": "2023-03-02T14:55:59.668Z", "user": 1, "content_type": 1, "object_id": "2", "object_repr": "Kunle", "action_flag": 1, "change_message": "[{\"added\": {}}]" } }, { "model": "admin.logentry", "pk": 2, "fields": { "action_time": "2023-03-02T14:56:21.778Z", "user": 1, "content_type": 1, "object_id": "1", "object_repr": "Abdul", "action_flag": 2, "change_message": "[{\"changed\": {\"fields\": [\"Role\", \"Profilepic\"]}}]" } }, { "model": "admin.logentry", "pk": 3, "fields": { "action_time": "2023-03-02T18:08:14.315Z", "user": 1, "content_type": 1, "object_id": "2", "object_repr": "Kunle", "action_flag": 2, "change_message": "[{\"changed\": {\"fields\": [\"Role\"]}}]" } }, { "model": "admin.logentry", "pk": 4, "fields": { "action_time": "2023-03-02T18:08:23.538Z", "user": 1, "content_type": 1, "object_id": "1", "object_repr": "Abdul", "action_flag": 2, "change_message": "[{\"changed\": {\"fields\": [\"Role\"]}}]" } }, { "model": "admin.logentry", "pk": 5, "fields": { "action_time": "2023-03-03T15:55:58.902Z", "user": 1, "content_type": 10, "object_id": "1", "object_repr": "Family physicians(Family physicians)", "action_flag": 1, "change_message": "[{\"added\": {}}]" } }, { "model": "admin.logentry", "pk": 6, "fields": { "action_time": "2023-03-03T15:56:16.969Z", "user": 1, "content_type": 10, "object_id": "2", "object_repr": "Surgeon(Surgeon)", "action_flag": 1, "change_message": "[{\"added\": {}}]" } }, { "model": "admin.logentry", "pk": 7, "fields": { "action_time": "2023-03-03T15:56:43.383Z", "user": 1, "content_type": 10, "object_id": "3", "object_repr": "Pediatrician(Pediatrician)", "action_flag": 1, "change_message": "[{\"added\": {}}]" } }, { "model": "admin.logentry", "pk": 8, "fields": { "action_time": "2023-03-03T15:57:03.398Z", "user": 1, "content_type": 10, "object_id": "4", "object_repr": "Dentist(Dentist)", "action_flag": 1, "change_message": "[{\"added\": {}}]" } }, { "model": "admin.logentry", "pk": 9, "fields": { "action_time": "2023-03-03T15:57:52.209Z", "user": 1, "content_type": 10, "object_id": "5", "object_repr": "Psychiatrist(Psychiatrist)", "action_flag": 1, "change_message": "[{\"added\": {}}]" } }, { "model": "admin.logentry", "pk": 10, "fields": { "action_time": "2023-03-03T15:58:07.702Z", "user": 1, "content_type": 10, "object_id": "6", "object_repr": "Neurologists(Neurologists)", "action_flag": 1, "change_message": "[{\"added\": {}}]" } }, { "model": "admin.logentry", "pk": 11, "fields": { "action_time": "2023-03-03T15:58:22.518Z", "user": 1, "content_type": 10, "object_id": "7", "object_repr": "Radiologists(Radiologists)", "action_flag": 1, "change_message": "[{\"added\": {}}]" } }, { "model": "admin.logentry", "pk": 12, "fields": { "action_time": "2023-03-03T15:58:42.327Z", "user": 1, "content_type": 10, "object_id": "8", "object_repr": "Emergency physicians(Emergency physicians)", "action_flag": 1, "change_message": "[{\"added\": {}}]" } }, { "model": "admin.logentry", "pk": 13, "fields": { "action_time": "2023-03-03T15:58:57.332Z", "user": 1, "content_type": 10, "object_id": "9", "object_repr": "Obstetricians and gynecologists(Obstetricians and gynecologists)", "action_flag": 1, "change_message": "[{\"added\": {}}]" } }, { "model": "admin.logentry", "pk": 14, "fields": { "action_time": "2023-03-03T15:59:36.306Z", "user": 1, "content_type": 10, "object_id": "10", "object_repr": "Physician(Physician)", "action_flag": 1, "change_message": "[{\"added\": {}}]" } }, { "model": "admin.logentry", "pk": 15, "fields": { "action_time": "2023-03-03T17:10:36.964Z", "user": 1, "content_type": 1, "object_id": "2", "object_repr": "Kunle", "action_flag": 2, "change_message": "[{\"changed\": {\"fields\": [\"Role\"]}}]" } }, { "model": "admin.logentry", "pk": 16, "fields": { "action_time": "2023-03-03T17:50:42.974Z", "user": 1, "content_type": 1, "object_id": "4", "object_repr": "Blahhh", "action_flag": 2, "change_message": "[{\"changed\": {\"fields\": [\"Profilepic\"]}}]" } }, { "model": "admin.logentry", "pk": 17, "fields": { "action_time": "2023-03-03T17:51:29.823Z", "user": 1, "content_type": 11, "object_id": "2", "object_repr": "Blahhh has made <QuerySet []> appointments", "action_flag": 3, "change_message": "" } }, { "model": "admin.logentry", "pk": 18, "fields": { "action_time": "2023-03-03T17:51:30.007Z", "user": 1, "content_type": 11, "object_id": "1", "object_repr": "Testing has made <QuerySet []> appointments", "action_flag": 3, "change_message": "" } }, { "model": "admin.logentry", "pk": 19, "fields": { "action_time": "2023-03-03T17:51:41.816Z", "user": 1, "content_type": 1, "object_id": "4", "object_repr": "Blahhh", "action_flag": 3, "change_message": "" } }, { "model": "admin.logentry", "pk": 20, "fields": { "action_time": "2023-03-03T17:51:41.944Z", "user": 1, "content_type": 1, "object_id": "3", "object_repr": "Testing", "action_flag": 3, "change_message": "" } }, { "model": "admin.logentry", "pk": 21, "fields": { "action_time": "2023-03-03T20:23:20.219Z", "user": 1, "content_type": 12, "object_id": "3", "object_repr": "Boli I am cool and collected and is skilled in <QuerySet [<Skills: Family physicians(FPH)>, <Skills: Pediatrician(PDT)>, <Skills: Dentist(DNT)>]> has <QuerySet []> appointments and is available hospit", "action_flag": 3, "change_message": "" } }, { "model": "admin.logentry", "pk": 22, "fields": { "action_time": "2023-03-03T20:23:20.436Z", "user": 1, "content_type": 12, "object_id": "2", "object_repr": "Bola cool,calm and is skilled in <QuerySet []> has <QuerySet []> appointments and is available hospital.DocAppointment.None", "action_flag": 3, "change_message": "" } }, { "model": "admin.logentry", "pk": 23, "fields": { "action_time": "2023-03-03T20:23:20.615Z", "user": 1, "content_type": 12, "object_id": "1", "object_repr": "Bolanle Hello,i am bolanle,i am cool,calm and collected and is skilled in <QuerySet []> has <QuerySet []> appointments and is available hospital.DocAppointment.None", "action_flag": 3, "change_message": "" } }, { "model": "admin.logentry", "pk": 24, "fields": { "action_time": "2023-03-03T20:23:33.272Z", "user": 1, "content_type": 11, "object_id": "4", "object_repr": "Tolani has made <QuerySet []> appointments", "action_flag": 3, "change_message": "" } }, { "model": "admin.logentry", "pk": 25, "fields": { "action_time": "2023-03-03T20:23:33.551Z", "user": 1, "content_type": 11, "object_id": "3", "object_repr": "Testing has made <QuerySet []> appointments", "action_flag": 3, "change_message": "" } }, { "model": "admin.logentry", "pk": 26, "fields": { "action_time": "2023-03-03T20:24:13.559Z", "user": 1, "content_type": 1, "object_id": "9", "object_repr": "Boli", "action_flag": 3, "change_message": "" } }, { "model": "admin.logentry", "pk": 27, "fields": { "action_time": "2023-03-03T20:24:13.712Z", "user": 1, "content_type": 1, "object_id": "8", "object_repr": "Bola", "action_flag": 3, "change_message": "" } }, { "model": "admin.logentry", "pk": 28, "fields": { "action_time": "2023-03-03T20:24:13.920Z", "user": 1, "content_type": 1, "object_id": "7", "object_repr": "Tolani", "action_flag": 3, "change_message": "" } }, { "model": "admin.logentry", "pk": 29, "fields": { "action_time": "2023-03-03T20:24:14.112Z", "user": 1, "content_type": 1, "object_id": "6", "object_repr": "Bolanle", "action_flag": 3, "change_message": "" } }, { "model": "admin.logentry", "pk": 30, "fields": { "action_time": "2023-03-03T20:24:14.409Z", "user": 1, "content_type": 1, "object_id": "5", "object_repr": "Testing", "action_flag": 3, "change_message": "" } }, { "model": "admin.logentry", "pk": 31, "fields": { "action_time": "2023-03-03T20:24:14.558Z", "user": 1, "content_type": 1, "object_id": "2", "object_repr": "Kunle", "action_flag": 3, "change_message": "" } }, { "model": "admin.logentry", "pk": 32, "fields": { "action_time": "2023-03-03T20:49:25.862Z", "user": 1, "content_type": 11, "object_id": "5", "object_repr": "Abdul has made <QuerySet []> appointments", "action_flag": 1, "change_message": "[{\"added\": {}}]" } }, { "model": "admin.logentry", "pk": 33, "fields": { "action_time": "2023-03-04T13:30:44.583Z", "user": 1, "content_type": 1, "object_id": "11", "object_repr": "Tolani", "action_flag": 2, "change_message": "[{\"changed\": {\"fields\": [\"Username\"]}}]" } }, { "model": "admin.logentry", "pk": 34, "fields": { "action_time": "2023-03-06T16:57:31.021Z", "user": 1, "content_type": 8, "object_id": "1", "object_repr": "Bolanle is available 2023-03-06 17:00:00+00:00 to 2023-03-08 06:00:00+00:00", "action_flag": 3, "change_message": "" } }, { "model": "admin.logentry", "pk": 35, "fields": { "action_time": "2023-03-07T14:37:41.028Z", "user": 1, "content_type": 11, "object_id": "5", "object_repr": "Abdul has made <QuerySet []> appointments", "action_flag": 2, "change_message": "[{\"changed\": {\"fields\": [\"Appointments\", \"Cancelled\"]}}]" } }, { "model": "admin.logentry", "pk": 36, "fields": { "action_time": "2023-03-07T14:37:56.062Z", "user": 1, "content_type": 9, "object_id": "4", "object_repr": "Abdul wants to see the doctor Bolanle is available 2023-03-07 22:00:00+00:00 to 2023-03-07 22:30:00+00:00", "action_flag": 3, "change_message": "" } }, { "model": "admin.logentry", "pk": 37, "fields": { "action_time": "2023-03-07T14:37:56.240Z", "user": 1, "content_type": 9, "object_id": "3", "object_repr": "Abdul wants to see the doctor Bolanle is available 2023-03-07 00:00:00+00:00 to 2023-03-07 01:00:00+00:00", "action_flag": 3, "change_message": "" } }, { "model": "admin.logentry", "pk": 38, "fields": { "action_time": "2023-03-07T14:37:56.362Z", "user": 1, "content_type": 9, "object_id": "2", "object_repr": "Abdul wants to see the doctor Bolanle is available 2023-03-07 13:05:00+00:00 to 2023-03-07 14:00:00+00:00", "action_flag": 3, "change_message": "" } }, { "model": "admin.logentry", "pk": 39, "fields": { "action_time": "2023-03-07T14:37:56.460Z", "user": 1, "content_type": 9, "object_id": "1", "object_repr": "Abdul wants to see the doctor Bolanle is available 2023-03-07 13:05:00+00:00 to 2023-03-07 14:00:00+00:00", "action_flag": 3, "change_message": "" } }, { "model": "admin.logentry", "pk": 40, "fields": { "action_time": "2023-03-07T14:38:41.399Z", "user": 1, "content_type": 12, "object_id": "4", "object_repr": "Bolanle I am cool,calm and collected.I have a phd and masters degree,very experienced and is skilled in <QuerySet [<Skills: Family physicians(FPH)>, <Skills: Pediatrician(PDT)>, <Skills: Dentist(DNT)>", "action_flag": 2, "change_message": "[{\"changed\": {\"fields\": [\"Availables\"]}}]" } }, { "model": "admin.logentry", "pk": 41, "fields": { "action_time": "2023-03-07T14:42:48.516Z", "user": 1, "content_type": 9, "object_id": "6", "object_repr": "Abdul wants to see the doctor Bolanle is available 2023-03-08 03:00:00+00:00 to 2023-03-08 05:00:00+00:00", "action_flag": 3, "change_message": "" } }, { "model": "admin.logentry", "pk": 42, "fields": { "action_time": "2023-03-07T14:42:48.696Z", "user": 1, "content_type": 9, "object_id": "5", "object_repr": "Abdul wants to see the doctor Bolanle is available 2023-03-07 13:05:00+00:00 to 2023-03-07 14:00:00+00:00", "action_flag": 3, "change_message": "" } }, { "model": "admin.logentry", "pk": 43, "fields": { "action_time": "2023-03-07T14:44:41.400Z", "user": 1, "content_type": 11, "object_id": "5", "object_repr": "Abdul has made <QuerySet []> appointments", "action_flag": 2, "change_message": "[{\"changed\": {\"fields\": [\"Appointments\"]}}]" } }, { "model": "admin.logentry", "pk": 44, "fields": { "action_time": "2023-03-07T14:44:58.997Z", "user": 1, "content_type": 9, "object_id": "7", "object_repr": "Abdul wants to see the doctor Bolanle is available 2023-03-07 00:00:00+00:00 to 2023-03-07 01:00:00+00:00", "action_flag": 3, "change_message": "" } }, { "model": "admin.logentry", "pk": 45, "fields": { "action_time": "2023-03-07T14:46:11.456Z", "user": 1, "content_type": 12, "object_id": "4", "object_repr": "Bolanle I am cool,calm and collected.I have a phd and masters degree,very experienced and is skilled in <QuerySet [<Skills: Family physicians(FPH)>, <Skills: Pediatrician(PDT)>, <Skills: Dentist(DNT)>", "action_flag": 2, "change_message": "[{\"changed\": {\"fields\": [\"Availables\"]}}]" } }, { "model": "admin.logentry", "pk": 46, "fields": { "action_time": "2023-03-07T14:47:48.868Z", "user": 1, "content_type": 9, "object_id": "8", "object_repr": "Abdul wants to see the doctor Bolanle is available 2023-03-07 00:00:00+00:00 to 2023-03-07 01:00:00+00:00", "action_flag": 3, "change_message": "" } }, { "model": "admin.logentry", "pk": 47, "fields": { "action_time": "2023-03-07T14:48:03.261Z", "user": 1, "content_type": 12, "object_id": "4", "object_repr": "Bolanle I am cool,calm and collected.I have a phd and masters degree,very experienced and is skilled in <QuerySet [<Skills: Family physicians(FPH)>, <Skills: Pediatrician(PDT)>, <Skills: Dentist(DNT)>", "action_flag": 2, "change_message": "[{\"changed\": {\"fields\": [\"Availables\"]}}]" } }, { "model": "admin.logentry", "pk": 48, "fields": { "action_time": "2023-03-07T14:48:31.356Z", "user": 1, "content_type": 11, "object_id": "5", "object_repr": "Abdul has made <QuerySet []> appointments", "action_flag": 2, "change_message": "[{\"changed\": {\"fields\": [\"Appointments\"]}}]" } }, { "model": "admin.logentry", "pk": 49, "fields": { "action_time": "2023-03-07T14:53:50.823Z", "user": 1, "content_type": 12, "object_id": "4", "object_repr": "Bolanle I am cool,calm and collected.I have a phd and masters degree,very experienced and is skilled in <QuerySet [<Skills: Family physicians(FPH)>, <Skills: Pediatrician(PDT)>, <Skills: Dentist(DNT)>", "action_flag": 2, "change_message": "[{\"changed\": {\"fields\": [\"Appointments\", \"Availables\"]}}]" } }, { "model": "admin.logentry", "pk": 50, "fields": { "action_time": "2023-03-07T14:54:00.822Z", "user": 1, "content_type": 9, "object_id": "10", "object_repr": "Abdul wants to see the doctor Bolanle is available 2023-03-07 15:00:00+00:00 to 2023-03-07 16:00:00+00:00", "action_flag": 3, "change_message": "" } }, { "model": "admin.logentry", "pk": 51, "fields": { "action_time": "2023-03-07T14:54:00.958Z", "user": 1, "content_type": 9, "object_id": "9", "object_repr": "Abdul wants to see the doctor Bolanle is available 2023-03-07 22:00:00+00:00 to 2023-03-07 22:30:00+00:00", "action_flag": 3, "change_message": "" } }, { "model": "admin.logentry", "pk": 52, "fields": { "action_time": "2023-03-07T14:54:47.539Z", "user": 1, "content_type": 11, "object_id": "5", "object_repr": "Abdul has made <QuerySet []> appointments", "action_flag": 2, "change_message": "[{\"changed\": {\"fields\": [\"Appointments\"]}}]" } }, { "model": "admin.logentry", "pk": 53, "fields": { "action_time": "2023-03-07T20:41:50.535Z", "user": 1, "content_type": 15, "object_id": "1", "object_repr": "1: Lorem ipsum dolor sit has Lorem ipsum dolor sit amet consectetur adipisicing elit. Ad eius corrupti quos repellendus pariatur ratione quia in, minima et, aspernatur and the prescriptions is illo fu", "action_flag": 1, "change_message": "[{\"added\": {}}]" } }, { "model": "admin.logentry", "pk": 54, "fields": { "action_time": "2023-03-07T20:42:55.654Z", "user": 1, "content_type": 15, "object_id": "2", "object_repr": "2: Amet consectetur adipisicing elit. has Lorem ipsum dolor sit amet consectetur adipisicing elit. Eligendi dolorem qui magnam quidem dicta iure explicabo, inventore maiores doloribus deserunt itaque ", "action_flag": 1, "change_message": "[{\"added\": {}}]" } }, { "model": "admin.logentry", "pk": 55, "fields": { "action_time": "2023-03-07T20:44:11.781Z", "user": 1, "content_type": 15, "object_id": "3", "object_repr": "3: Reprehenderit suscipit voluptate has Lorem ipsum dolor sit amet consectetur adipisicing elit. Reprehenderit suscipit voluptate alias eius autem libero and the prescriptions is doloremque sapiente, ", "action_flag": 1, "change_message": "[{\"added\": {}}]" } }, { "model": "admin.logentry", "pk": 56, "fields": { "action_time": "2023-03-07T20:45:12.200Z", "user": 1, "content_type": 15, "object_id": "4", "object_repr": "4: Quasi optio sequi quia magnam! has Lorem ipsum dolor sit amet, consectetur adipisicing elit. Quasi optio sequi quia magnam! Cupiditate praesentium ipsa laboriosam! and the prescriptions is Quasi na", "action_flag": 1, "change_message": "[{\"added\": {}}]" } }, { "model": "admin.logentry", "pk": 57, "fields": { "action_time": "2023-03-07T20:46:15.951Z", "user": 1, "content_type": 15, "object_id": "5", "object_repr": "5: Rem, incidunt has Lorem ipsum dolor, sit amet consectetur adipisicing elit. Rem, incidunt. Architecto fugit totam laudantium eaque necessitatibus and the prescriptions is delectus possimus expedita", "action_flag": 1, "change_message": "[{\"added\": {}}]" } }, { "model": "admin.logentry", "pk": 58, "fields": { "action_time": "2023-03-07T20:48:10.585Z", "user": 1, "content_type": 15, "object_id": "6", "object_repr": "6: Odio quo laborum deleniti has Lorem ipsum dolor sit amet consectetur adipisicing elit. Odio quo laborum deleniti distinctio ut facere ea corrupti quibusdam, and the prescriptions is tenetur corpori", "action_flag": 1, "change_message": "[{\"added\": {}}]" } }, { "model": "admin.logentry", "pk": 59, "fields": { "action_time": "2023-03-07T20:49:02.659Z", "user": 1, "content_type": 15, "object_id": "7", "object_repr": "7: Optio totam nulla has Lorem ipsum dolor sit amet consectetur adipisicing elit. Optio totam nulla, culpa magnam quas ab iusto molestias et! and the prescriptions is Consectetur officiis animi repell", "action_flag": 1, "change_message": "[{\"added\": {}}]" } }, { "model": "admin.logentry", "pk": 60, "fields": { "action_time": "2023-03-07T20:50:07.162Z", "user": 1, "content_type": 15, "object_id": "8", "object_repr": "8: Id, perspiciatis delectus voluptate has Lorem ipsum dolor, sit amet consectetur adipisicing elit. Id, perspiciatis delectus voluptate placeat corporis aliquam! and the prescriptions is Voluptatem, ", "action_flag": 1, "change_message": "[{\"added\": {}}]" } }, { "model": "admin.logentry", "pk": 61, "fields": { "action_time": "2023-03-07T20:51:09.734Z", "user": 1, "content_type": 15, "object_id": "9", "object_repr": "9: Assumenda, ratione deleniti. has Lorem ipsum dolor, sit amet consectetur adipisicing elit. Assumenda, ratione deleniti. Enim optio rerum and the prescriptions is officia doloribus vitae magnam nost", "action_flag": 1, "change_message": "[{\"added\": {}}]" } }, { "model": "admin.logentry", "pk": 62, "fields": { "action_time": "2023-03-07T20:55:00.618Z", "user": 1, "content_type": 15, "object_id": "10", "object_repr": "10: Ex impedit nostrum nesciunt has Lorem ipsum dolor sit amet, consectetur adipisicing elit. Ex impedit nostrum nesciunt nulla. Quo recusandae cum quasi, dolorem sed qui beatae and the prescriptions ", "action_flag": 1, "change_message": "[{\"added\": {}}]" } }, { "model": "admin.logentry", "pk": 63, "fields": { "action_time": "2023-03-07T20:55:44.065Z", "user": 1, "content_type": 15, "object_id": "11", "object_repr": "11: Vel expedita dolor eius accusamus has Lorem ipsum dolor sit amet consectetur adipisicing elit. Vel expedita dolor eius accusamus facere ex rerum sit and the prescriptions is neque iste doloribus d", "action_flag": 1, "change_message": "[{\"added\": {}}]" } }, { "model": "admin.logentry", "pk": 64, "fields": { "action_time": "2023-03-07T20:56:36.262Z", "user": 1, "content_type": 15, "object_id": "12", "object_repr": "12: Tempore iure obcaecati incidunt provident has Lorem ipsum dolor sit amet consectetur adipisicing elit. Tempore iure obcaecati incidunt provident itaque, quidem tempora, quibusdam assumenda enim ve", "action_flag": 1, "change_message": "[{\"added\": {}}]" } }, { "model": "admin.logentry", "pk": 65, "fields": { "action_time": "2023-03-07T20:59:38.374Z", "user": 1, "content_type": 15, "object_id": "13", "object_repr": "13: Ratione quo natus officiis expedita has Lorem ipsum dolor sit amet consectetur adipisicing elit. Repudiandae quam nam ratione quo natus officiis expedita deserunt quisquam eaque praesentium minus,", "action_flag": 1, "change_message": "[{\"added\": {}}]" } }, { "model": "admin.logentry", "pk": 66, "fields": { "action_time": "2023-03-07T21:02:49.430Z", "user": 1, "content_type": 15, "object_id": "14", "object_repr": "14: Est debitis repellat et dignissimos has Lorem ipsum, dolor sit amet consectetur adipisicing elit. Est debitis repellat et dignissimos and the prescriptions is alias eos voluptatibus magnam, culpa,", "action_flag": 1, "change_message": "[{\"added\": {}}]" } }, { "model": "admin.logentry", "pk": 67, "fields": { "action_time": "2023-03-07T21:58:51.396Z", "user": 1, "content_type": 15, "object_id": "1", "object_repr": "1: Lorem ipsum dolor sit has Lorem ipsum dolor sit amet consectetur adipisicing elit. Ad eius corrupti quos repellendus pariatur ratione quia in, minima et, aspernatur and the prescriptions is illo fu", "action_flag": 2, "change_message": "[{\"changed\": {\"fields\": [\"Instock\"]}}]" } }, { "model": "admin.logentry", "pk": 68, "fields": { "action_time": "2023-03-07T21:59:01.601Z", "user": 1, "content_type": 15, "object_id": "14", "object_repr": "14: Est debitis repellat et dignissimos has Lorem ipsum, dolor sit amet consectetur adipisicing elit. Est debitis repellat et dignissimos and the prescriptions is alias eos voluptatibus magnam, culpa,", "action_flag": 2, "change_message": "[{\"changed\": {\"fields\": [\"Instock\"]}}]" } }, { "model": "admin.logentry", "pk": 69, "fields": { "action_time": "2023-03-07T21:59:13.286Z", "user": 1, "content_type": 15, "object_id": "13", "object_repr": "13: Ratione quo natus officiis expedita has Lorem ipsum dolor sit amet consectetur adipisicing elit. Repudiandae quam nam ratione quo natus officiis expedita deserunt quisquam eaque praesentium minus,", "action_flag": 2, "change_message": "[{\"changed\": {\"fields\": [\"Instock\"]}}]" } }, { "model": "admin.logentry", "pk": 70, "fields": { "action_time": "2023-03-07T21:59:23.129Z", "user": 1, "content_type": 15, "object_id": "12", "object_repr": "12: Tempore iure obcaecati incidunt provident has Lorem ipsum dolor sit amet consectetur adipisicing elit. Tempore iure obcaecati incidunt provident itaque, quidem tempora, quibusdam assumenda enim ve", "action_flag": 2, "change_message": "[{\"changed\": {\"fields\": [\"Instock\"]}}]" } }, { "model": "admin.logentry", "pk": 71, "fields": { "action_time": "2023-03-07T21:59:34.048Z", "user": 1, "content_type": 15, "object_id": "11", "object_repr": "11: Vel expedita dolor eius accusamus has Lorem ipsum dolor sit amet consectetur adipisicing elit. Vel expedita dolor eius accusamus facere ex rerum sit and the prescriptions is neque iste doloribus d", "action_flag": 2, "change_message": "[{\"changed\": {\"fields\": [\"Instock\"]}}]" } }, { "model": "admin.logentry", "pk": 72, "fields": { "action_time": "2023-03-07T21:59:51.801Z", "user": 1, "content_type": 15, "object_id": "10", "object_repr": "10: Ex impedit nostrum nesciunt has Lorem ipsum dolor sit amet, consectetur adipisicing elit. Ex impedit nostrum nesciunt nulla. Quo recusandae cum quasi, dolorem sed qui beatae and the prescriptions ", "action_flag": 2, "change_message": "[{\"changed\": {\"fields\": [\"Instock\"]}}]" } }, { "model": "admin.logentry", "pk": 73, "fields": { "action_time": "2023-03-07T22:00:06.277Z", "user": 1, "content_type": 15, "object_id": "9", "object_repr": "9: Assumenda, ratione deleniti. has Lorem ipsum dolor, sit amet consectetur adipisicing elit. Assumenda, ratione deleniti. Enim optio rerum and the prescriptions is officia doloribus vitae magnam nost", "action_flag": 2, "change_message": "[{\"changed\": {\"fields\": [\"Instock\"]}}]" } }, { "model": "admin.logentry", "pk": 74, "fields": { "action_time": "2023-03-07T22:00:16.311Z", "user": 1, "content_type": 15, "object_id": "8", "object_repr": "8: Id, perspiciatis delectus voluptate has Lorem ipsum dolor, sit amet consectetur adipisicing elit. Id, perspiciatis delectus voluptate placeat corporis aliquam! and the prescriptions is Voluptatem, ", "action_flag": 2, "change_message": "[{\"changed\": {\"fields\": [\"Instock\"]}}]" } }, { "model": "admin.logentry", "pk": 75, "fields": { "action_time": "2023-03-07T22:00:25.727Z", "user": 1, "content_type": 15, "object_id": "7", "object_repr": "7: Optio totam nulla has Lorem ipsum dolor sit amet consectetur adipisicing elit. Optio totam nulla, culpa magnam quas ab iusto molestias et! and the prescriptions is Consectetur officiis animi repell", "action_flag": 2, "change_message": "[{\"changed\": {\"fields\": [\"Instock\"]}}]" } }, { "model": "admin.logentry", "pk": 76, "fields": { "action_time": "2023-03-07T22:00:44.053Z", "user": 1, "content_type": 15, "object_id": "6", "object_repr": "6: Odio quo laborum deleniti has Lorem ipsum dolor sit amet consectetur adipisicing elit. Odio quo laborum deleniti distinctio ut facere ea corrupti quibusdam, and the prescriptions is tenetur corpori", "action_flag": 2, "change_message": "[{\"changed\": {\"fields\": [\"Instock\"]}}]" } }, { "model": "admin.logentry", "pk": 77, "fields": { "action_time": "2023-03-07T22:00:56.669Z", "user": 1, "content_type": 15, "object_id": "5", "object_repr": "5: Rem, incidunt has Lorem ipsum dolor, sit amet consectetur adipisicing elit. Rem, incidunt. Architecto fugit totam laudantium eaque necessitatibus and the prescriptions is delectus possimus expedita", "action_flag": 2, "change_message": "[{\"changed\": {\"fields\": [\"Instock\"]}}]" } }, { "model": "admin.logentry", "pk": 78, "fields": { "action_time": "2023-03-07T22:01:07.521Z", "user": 1, "content_type": 15, "object_id": "4", "object_repr": "4: Quasi optio sequi quia magnam! has Lorem ipsum dolor sit amet, consectetur adipisicing elit. Quasi optio sequi quia magnam! Cupiditate praesentium ipsa laboriosam! and the prescriptions is Quasi na", "action_flag": 2, "change_message": "[{\"changed\": {\"fields\": [\"Instock\"]}}]" } }, { "model": "admin.logentry", "pk": 79, "fields": { "action_time": "2023-03-07T22:01:17.238Z", "user": 1, "content_type": 15, "object_id": "3", "object_repr": "3: Reprehenderit suscipit voluptate has Lorem ipsum dolor sit amet consectetur adipisicing elit. Reprehenderit suscipit voluptate alias eius autem libero and the prescriptions is doloremque sapiente, ", "action_flag": 2, "change_message": "[{\"changed\": {\"fields\": [\"Instock\"]}}]" } }, { "model": "admin.logentry", "pk": 80, "fields": { "action_time": "2023-03-07T22:01:29.565Z", "user": 1, "content_type": 15, "object_id": "2", "object_repr": "2: Amet consectetur adipisicing elit. has Lorem ipsum dolor sit amet consectetur adipisicing elit. Eligendi dolorem qui magnam quidem dicta iure explicabo, inventore maiores doloribus deserunt itaque ", "action_flag": 2, "change_message": "[{\"changed\": {\"fields\": [\"Instock\"]}}]" } }, { "model": "admin.logentry", "pk": 81, "fields": { "action_time": "2023-03-08T21:36:04.178Z", "user": 1, "content_type": 14, "object_id": "2", "object_repr": "Abdul ordered for Lorem ipsum dolor sit and the orderpositon is False", "action_flag": 2, "change_message": "[{\"changed\": {\"fields\": [\"Itemprice\"]}}]" } }, { "model": "admin.logentry", "pk": 82, "fields": { "action_time": "2023-03-08T21:36:14.319Z", "user": 1, "content_type": 14, "object_id": "2", "object_repr": "Abdul ordered for Lorem ipsum dolor sit and the orderpositon is False", "action_flag": 2, "change_message": "[{\"changed\": {\"fields\": [\"Itemprice\"]}}]" } }, { "model": "admin.logentry", "pk": 83, "fields": { "action_time": "2023-03-09T19:07:38.823Z", "user": 1, "content_type": 9, "object_id": "11", "object_repr": "Abdul wants to see the doctor 4: Bolanle is available 03 07, 2023, 01:05 PM to 03 07, 2023, 02:00 PM", "action_flag": 3, "change_message": "" } }, { "model": "admin.logentry", "pk": 84, "fields": { "action_time": "2023-03-09T19:38:46.895Z", "user": 1, "content_type": 9, "object_id": "13", "object_repr": "Abdul wants to see the doctor 5: Bolanle is available 03 07, 2023, 12:00 AM to 03 07, 2023, 01:00 AM", "action_flag": 3, "change_message": "" } }, { "model": "admin.logentry", "pk": 85, "fields": { "action_time": "2023-03-09T19:41:48.870Z", "user": 1, "content_type": 9, "object_id": "12", "object_repr": "Abdul wants to see the doctor 10: Bolanle is available 03 08, 2023, 06:00 PM to 03 08, 2023, 07:00 PM", "action_flag": 3, "change_message": "" } }, { "model": "admin.logentry", "pk": 86, "fields": { "action_time": "2023-03-09T19:42:52.020Z", "user": 1, "content_type": 12, "object_id": "4", "object_repr": "Bolanle I am cool,calm and collected.I have a phd and masters degree,very experienced and is skilled in <QuerySet [<Skills: Family physicians(FPH)>, <Skills: Pediatrician(PDT)>, <Skills: Dentist(DNT)>", "action_flag": 2, "change_message": "[{\"changed\": {\"fields\": [\"Appointments\", \"Availables\"]}}]" } }, { "model": "admin.logentry", "pk": 87, "fields": { "action_time": "2023-03-09T19:50:53.167Z", "user": 1, "content_type": 9, "object_id": "17", "object_repr": "Abdul wants to see the doctor 4: Bolanle is available 03 07, 2023, 01:05 PM to 03 07, 2023, 02:00 PM", "action_flag": 3, "change_message": "" } }, { "model": "admin.logentry", "pk": 88, "fields": { "action_time": "2023-03-09T19:50:53.345Z", "user": 1, "content_type": 9, "object_id": "16", "object_repr": "Abdul wants to see the doctor 9: Bolanle is available 03 08, 2023, 03:00 AM to 03 08, 2023, 05:00 AM", "action_flag": 3, "change_message": "" } }, { "model": "admin.logentry", "pk": 89, "fields": { "action_time": "2023-03-09T19:50:53.472Z", "user": 1, "content_type": 9, "object_id": "15", "object_repr": "Abdul wants to see the doctor 7: Bolanle is available 03 07, 2023, 10:00 PM to 03 07, 2023, 10:30 PM", "action_flag": 3, "change_message": "" } }, { "model": "admin.logentry", "pk": 90, "fields": { "action_time": "2023-03-09T19:50:53.586Z", "user": 1, "content_type": 9, "object_id": "14", "object_repr": "Abdul wants to see the doctor 5: Bolanle is available 03 07, 2023, 12:00 AM to 03 07, 2023, 01:00 AM", "action_flag": 3, "change_message": "" } }, { "model": "admin.logentry", "pk": 91, "fields": { "action_time": "2023-03-09T19:51:19.360Z", "user": 1, "content_type": 12, "object_id": "4", "object_repr": "Bolanle I am cool,calm and collected.I have a phd and masters degree,very experienced and is skilled in <QuerySet [<Skills: Family physicians(FPH)>, <Skills: Pediatrician(PDT)>, <Skills: Dentist(DNT)>", "action_flag": 2, "change_message": "[]" } }, { "model": "admin.logentry", "pk": 92, "fields": { "action_time": "2023-03-09T19:56:23.157Z", "user": 1, "content_type": 13, "object_id": "2", "object_repr": "Abdul has a message with a subject of Confirm completion of appointment Abdul and a body of Hi  .\n Hope your day was wonderful. We are checking if you have completed your appointment which lasted from", "action_flag": 3, "change_message": "" } }, { "model": "admin.logentry", "pk": 93, "fields": { "action_time": "2023-03-09T19:56:23.269Z", "user": 1, "content_type": 13, "object_id": "1", "object_repr": "Abdul has a message with a subject of Confirm completion of appointment Abdul and a body of Hi  .\n Hope your day was wonderful. We are checking if you have completed your appointment which lasted from", "action_flag": 3, "change_message": "" } }, { "model": "admin.logentry", "pk": 94, "fields": { "action_time": "2023-03-10T12:10:43.110Z", "user": 1, "content_type": 16, "object_id": "1", "object_repr": "1: The appointment made by Bolanle that was from 03 10, 2023, 01:10 PM to 03 10, 2023, 01:10 PM has been deleted by Abdul at 03 10, 2023, 12:10 PM", "action_flag": 1, "change_message": "[{\"added\": {}}]" } }, { "model": "admin.logentry", "pk": 95, "fields": { "action_time": "2023-03-10T12:10:55.734Z", "user": 1, "content_type": 16, "object_id": "1", "object_repr": "1: The appointment made by Bolanle that was from 03 10, 2023, 12:10 PM to 03 10, 2023, 12:10 PM has been deleted by Abdul at 03 10, 2023, 12:10 PM", "action_flag": 3, "change_message": "" } }, { "model": "admin.logentry", "pk": 96, "fields": { "action_time": "2023-03-10T16:20:49.837Z", "user": 1, "content_type": 1, "object_id": "11", "object_repr": "Tolani", "action_flag": 2, "change_message": "[{\"changed\": {\"fields\": [\"Is email verified\"]}}]" } }, { "model": "admin.logentry", "pk": 97, "fields": { "action_time": "2023-03-10T16:21:02.258Z", "user": 1, "content_type": 1, "object_id": "10", "object_repr": "Bolanle", "action_flag": 2, "change_message": "[{\"changed\": {\"fields\": [\"Is email verified\"]}}]" } }, { "model": "admin.logentry", "pk": 98, "fields": { "action_time": "2023-03-10T16:21:13.144Z", "user": 1, "content_type": 1, "object_id": "1", "object_repr": "Abdul", "action_flag": 2, "change_message": "[{\"changed\": {\"fields\": [\"Is email verified\"]}}]" } }, { "model": "admin.logentry", "pk": 99, "fields": { "action_time": "2023-03-10T23:03:04.676Z", "user": 1, "content_type": 11, "object_id": "6", "object_repr": "Boyeji has made <QuerySet []> appointments", "action_flag": 3, "change_message": "" } }, { "model": "admin.logentry", "pk": 100, "fields": { "action_time": "2023-03-10T23:03:10.730Z", "user": 1, "content_type": 1, "object_id": "12", "object_repr": "Boyeji", "action_flag": 3, "change_message": "" } }, { "model": "admin.logentry", "pk": 101, "fields": { "action_time": "2023-03-10T23:11:28.060Z", "user": 1, "content_type": 11, "object_id": "7", "object_repr": "Boyeji has made <QuerySet []> appointments", "action_flag": 3, "change_message": "" } }, { "model": "admin.logentry", "pk": 102, "fields": { "action_time": "2023-03-10T23:11:34.406Z", "user": 1, "content_type": 1, "object_id": "13", "object_repr": "Boyeji", "action_flag": 3, "change_message": "" } }, { "model": "admin.logentry", "pk": 103, "fields": { "action_time": "2023-03-11T11:33:05.452Z", "user": 1, "content_type": 11, "object_id": "8", "object_repr": "Boyeji has made <QuerySet []> appointments", "action_flag": 3, "change_message": "" } }, { "model": "admin.logentry", "pk": 104, "fields": { "action_time": "2023-03-11T11:33:35.817Z", "user": 1, "content_type": 13, "object_id": "24", "object_repr": "Boyeji has a message with a subject of Welcome Boyeji and a body of Welcome to the hospital platform Ifeoluwa Abdulameen,\n We are here to take care of your health needs,kindly take a tour of our platf", "action_flag": 3, "change_message": "" } }, { "model": "admin.logentry", "pk": 105, "fields": { "action_time": "2023-03-11T11:34:03.341Z", "user": 1, "content_type": 1, "object_id": "14", "object_repr": "Boyeji", "action_flag": 3, "change_message": "" } }, { "model": "admin.logentry", "pk": 106, "fields": { "action_time": "2023-03-11T15:29:57.253Z", "user": 1, "content_type": 1, "object_id": "1", "object_repr": "Abdul", "action_flag": 2, "change_message": "[{\"changed\": {\"fields\": [\"First name\", \"Last name\"]}}]" } }, { "model": "admin.logentry", "pk": 107, "fields": { "action_time": "2023-03-12T13:16:18.286Z", "user": 1, "content_type": 13, "object_id": "58", "object_repr": "Ifeoluwa has a message with a subject of Confirm completion of appointment Ifeoluwa and a body of Hi Abdul-ameen Sanni.\n Hope your day was wonderful. We are checking if you have completed your appoint", "action_flag": 3, "change_message": "" } }, { "model": "admin.logentry", "pk": 108, "fields": { "action_time": "2023-03-12T13:16:18.396Z", "user": 1, "content_type": 13, "object_id": "54", "object_repr": "Ifeoluwa has a message with a subject of You just checked out an order and a body of Hello Ifeoluwa. \n You just checked out a drug with the name of Amet consectetur adipisicing elit. ordering 10 and t", "action_flag": 3, "change_message": "" } }, { "model": "admin.logentry", "pk": 109, "fields": { "action_time": "2023-03-12T13:16:18.499Z", "user": 1, "content_type": 13, "object_id": "53", "object_repr": "Ifeoluwa has a message with a subject of You just added an order to cart and a body of Hello Ifeoluwa. \n You just added to cart a drug with the name of Amet consectetur adipisicing elit..You can check", "action_flag": 3, "change_message": "" } }, { "model": "admin.logentry", "pk": 110, "fields": { "action_time": "2023-03-12T13:16:18.571Z", "user": 1, "content_type": 13, "object_id": "52", "object_repr": "Ifeoluwa has a message with a subject of You just made a new appointment with Dr Tolani and a body of Hello Ifeoluwa You just made a new appointment with Dr Tolani Bayonle from 03 11, 2023, 08:01 PM t", "action_flag": 3, "change_message": "" } }, { "model": "admin.logentry", "pk": 111, "fields": { "action_time": "2023-03-12T13:16:18.669Z", "user": 1, "content_type": 13, "object_id": "25", "object_repr": "Ifeoluwa has a message with a subject of Welcome Ifeoluwa and a body of Welcome to the hospital platform Abdul-ameen Sanni,\n We are here to take care of your health needs,kindly take a tour of our pla", "action_flag": 3, "change_message": "" } }, { "model": "admin.logentry", "pk": 112, "fields": { "action_time": "2023-03-12T13:16:32.279Z", "user": 1, "content_type": 11, "object_id": "9", "object_repr": "Ifeoluwa has made <QuerySet [<DocAppointment: 20: Tolani is available 03 11, 2023, 08:01 PM to 03 11, 2023, 09:00 PM>]> appointments", "action_flag": 3, "change_message": "" } }, { "model": "admin.logentry", "pk": 113, "fields": { "action_time": "2023-03-12T13:17:07.993Z", "user": 1, "content_type": 9, "object_id": "22", "object_repr": "Ifeoluwa wants to see the doctor 20: Tolani is available 03 11, 2023, 08:01 PM to 03 11, 2023, 09:00 PM", "action_flag": 3, "change_message": "" } }, { "model": "admin.logentry", "pk": 114, "fields": { "action_time": "2023-03-12T13:18:30.230Z", "user": 1, "content_type": 12, "object_id": "5", "object_repr": "Tolani I am cool,calm and a very good doctor and is skilled in <QuerySet [<Skills: Family physicians(FPH)>, <Skills: Surgeon(SRG)>, <Skills: Pediatrician(PDT)>]> has <QuerySet [<PatientAppointment: Da", "action_flag": 2, "change_message": "[{\"changed\": {\"fields\": [\"Availables\"]}}]" } }, { "model": "admin.logentry", "pk": 115, "fields": { "action_time": "2023-03-12T13:20:22.418Z", "user": 1, "content_type": 1, "object_id": "15", "object_repr": "Ifeoluwa", "action_flag": 3, "change_message": "" } }, { "model": "admin.logentry", "pk": 116, "fields": { "action_time": "2023-03-12T17:06:00.579Z", "user": 1, "content_type": 1, "object_id": "1", "object_repr": "Dara", "action_flag": 2, "change_message": "[{\"changed\": {\"fields\": [\"Is email verified\"]}}]" } }, { "model": "admin.logentry", "pk": 117, "fields": { "action_time": "2023-03-16T03:11:35.685Z", "user": 1, "content_type": 16, "object_id": "3", "object_repr": "3: The appointment made by Dara that was from 03 16, 2023, 03:10 AM to 03 16, 2023, 03:10 AM has been deleted by Dara at 03 16, 2023, 03:10 AM", "action_flag": 3, "change_message": "" } }, { "model": "admin.logentry", "pk": 118, "fields": { "action_time": "2023-03-16T03:11:35.782Z", "user": 1, "content_type": 16, "object_id": "2", "object_repr": "2: The appointment made by Dara that was from 03 16, 2023, 03:10 AM to 03 16, 2023, 03:10 AM has been deleted by Dara at 03 16, 2023, 03:10 AM", "action_flag": 3, "change_message": "" } }, { "model": "admin.logentry", "pk": 119, "fields": { "action_time": "2023-03-16T03:14:33.578Z", "user": 1, "content_type": 13, "object_id": "101", "object_repr": "Dara has a message with a subject of Deletion of an appointment and a body of Hi Onoolapo Abayomi.\n This message is to inform you that the appointment from 03/13/2023 01:00 AM to 03/13/2023 02:00 AM h", "action_flag": 3, "change_message": "" } }, { "model": "admin.logentry", "pk": 120, "fields": { "action_time": "2023-03-16T03:14:33.898Z", "user": 1, "content_type": 13, "object_id": "100", "object_repr": "Bolanle has a message with a subject of Deletion of an appointment and a body of Hi Dr Bolanle Balogun.\n This message is to inform you that the appointment from 03/13/2023 01:00 AM to 03/13/2023 02:00", "action_flag": 3, "change_message": "" } }, { "model": "admin.logentry", "pk": 121, "fields": { "action_time": "2023-03-16T03:14:33.986Z", "user": 1, "content_type": 13, "object_id": "99", "object_repr": "Dara has a message with a subject of Confirm completion of appointment Dara and a body of Hi Onoolapo Abayomi.\n Hope your day was wonderful. We are checking if you have completed your appointment whic", "action_flag": 3, "change_message": "" } }, { "model": "admin.logentry", "pk": 122, "fields": { "action_time": "2023-03-16T03:14:34.129Z", "user": 1, "content_type": 13, "object_id": "98", "object_repr": "Dara has a message with a subject of Confirm completion of appointment Dara and a body of Hi Onoolapo Abayomi.\n Hope your day was wonderful. We are checking if you have completed your appointment whic", "action_flag": 3, "change_message": "" } }, { "model": "admin.logentry", "pk": 123, "fields": { "action_time": "2023-03-16T03:14:34.218Z", "user": 1, "content_type": 13, "object_id": "97", "object_repr": "Dara has a message with a subject of Confirm completion of appointment Dara and a body of Hi Onoolapo Abayomi.\n Hope your day was wonderful. We are checking on you again if you have completed your app", "action_flag": 3, "change_message": "" } }, { "model": "admin.logentry", "pk": 124, "fields": { "action_time": "2023-03-16T03:14:34.330Z", "user": 1, "content_type": 13, "object_id": "96", "object_repr": "Dara has a message with a subject of Completed appointment🎉🎉 and a body of Hello Onoolapo Abayomi. \n Thanks for completing your appointment with Dr Bolanle Balogun from 03/13/2023 02:01 AM to 03/13/20", "action_flag": 3, "change_message": "" } }, { "model": "admin.logentry", "pk": 125, "fields": { "action_time": "2023-03-16T03:14:34.426Z", "user": 1, "content_type": 13, "object_id": "95", "object_repr": "Bolanle has a message with a subject of Completed appointment🎉🎉 and a body of Hello Dr Bolanle Balogun. \n Thanks for completing your appointment with Onoolapo Abayomi from 03/13/2023 02:01 AM to 03/13", "action_flag": 3, "change_message": "" } }, { "model": "admin.logentry", "pk": 126, "fields": { "action_time": "2023-03-16T03:14:34.498Z", "user": 1, "content_type": 13, "object_id": "94", "object_repr": "Dara has a message with a subject of You just checked out an order and a body of Hello Dara. \n You just checked out a drug with the name of Amet consectetur adipisicing elit. ordering 10 and totalled ", "action_flag": 3, "change_message": "" } }, { "model": "admin.logentry", "pk": 127, "fields": { "action_time": "2023-03-16T03:14:34.578Z", "user": 1, "content_type": 13, "object_id": "93", "object_repr": "Dara has a message with a subject of You just added an order to cart and a body of Hello Dara. \n You just added to cart a drug with the name of Amet consectetur adipisicing elit..You can check the car", "action_flag": 3, "change_message": "" } }, { "model": "admin.logentry", "pk": 128, "fields": { "action_time": "2023-03-16T03:14:34.650Z", "user": 1, "content_type": 13, "object_id": "92", "object_repr": "Bolanle has a message with a subject of Expired appointment and a body of Hi, Bolanle Balogun.\n This is to inform you that the appointment you created from 03/13/2023 09:02 PM to 03/13/2023 10:00 PM h", "action_flag": 3, "change_message": "" } }, { "model": "admin.logentry", "pk": 129, "fields": { "action_time": "2023-03-16T03:14:34.714Z", "user": 1, "content_type": 13, "object_id": "91", "object_repr": "Bolanle has a message with a subject of Expired appointment and a body of Hi, Bolanle Balogun.\n This is to inform you that the appointment you created from 03/13/2023 07:00 PM to 03/13/2023 09:00 PM h", "action_flag": 3, "change_message": "" } }, { "model": "admin.logentry", "pk": 130, "fields": { "action_time": "2023-03-16T03:14:34.794Z", "user": 1, "content_type": 13, "object_id": "90", "object_repr": "Dara has a message with a subject of Confirm completion of appointment Dara and a body of Hi Onoolapo Abayomi.\n Hope your day was wonderful. We are checking on you again if you have completed your app", "action_flag": 3, "change_message": "" } }, { "model": "admin.logentry", "pk": 131, "fields": { "action_time": "2023-03-16T03:14:34.890Z", "user": 1, "content_type": 13, "object_id": "89", "object_repr": "Dara has a message with a subject of Confirm completion of appointment Dara and a body of Hi Onoolapo Abayomi.\n Hope your day was wonderful. We are checking on you again if you have completed your app", "action_flag": 3, "change_message": "" } }, { "model": "admin.logentry", "pk": 132, "fields": { "action_time": "2023-03-16T03:14:35.042Z", "user": 1, "content_type": 13, "object_id": "88", "object_repr": "Bolanle has a message with a subject of You just created a new appointment Dr Bolanle and a body of You just created a new appointment Dr Bolanle from 2023-03-13 22:02:00 to 2023-03-13 23:00:00,\n Chee", "action_flag": 3, "change_message": "" } }, { "model": "admin.logentry", "pk": 133, "fields": { "action_time": "2023-03-16T03:14:35.242Z", "user": 1, "content_type": 13, "object_id": "87", "object_repr": "Bolanle has a message with a subject of You just created a new appointment Dr Bolanle and a body of You just created a new appointment Dr Bolanle from 2023-03-13 20:00:00 to 2023-03-13 22:00:00,\n Chee", "action_flag": 3, "change_message": "" } }, { "model": "admin.logentry", "pk": 134, "fields": { "action_time": "2023-03-16T03:14:35.434Z", "user": 1, "content_type": 13, "object_id": "86", "object_repr": "Bolanle has a message with a subject of Expired appointment and a body of Hi, Bolanle Balogun.\n This is to inform you that the appointment you created from 03/13/2023 05:00 AM to 03/13/2023 06:00 AM h", "action_flag": 3, "change_message": "" } }, { "model": "admin.logentry", "pk": 135, "fields": { "action_time": "2023-03-16T03:14:35.626Z", "user": 1, "content_type": 13, "object_id": "85", "object_repr": "Bolanle has a message with a subject of Expired appointment and a body of Hi, Bolanle Balogun.\n This is to inform you that the appointment you created from 03/13/2023 03:01 AM to 03/13/2023 04:01 AM h", "action_flag": 3, "change_message": "" } }, { "model": "admin.logentry", "pk": 136, "fields": { "action_time": "2023-03-16T03:14:35.746Z", "user": 1, "content_type": 13, "object_id": "84", "object_repr": "Dara has a message with a subject of Confirm completion of appointment Dara and a body of Hi Onoolapo Abayomi.\n Hope your day was wonderful. We are checking if you have completed your appointment whic", "action_flag": 3, "change_message": "" } }, { "model": "admin.logentry", "pk": 137, "fields": { "action_time": "2023-03-16T03:14:35.890Z", "user": 1, "content_type": 13, "object_id": "83", "object_repr": "Bolanle has a message with a subject of You just created a new appointment Dr Bolanle and a body of You just created a new appointment Dr Bolanle from 2023-03-13 06:00:00 to 2023-03-13 07:00:00,\n Chee", "action_flag": 3, "change_message": "" } }, { "model": "admin.logentry", "pk": 138, "fields": { "action_time": "2023-03-16T03:14:35.978Z", "user": 1, "content_type": 13, "object_id": "82", "object_repr": "Dara has a message with a subject of Confirm completion of appointment Dara and a body of Hi Onoolapo Abayomi.\n Hope your day was wonderful. We are checking if you have completed your appointment whic", "action_flag": 3, "change_message": "" } }, { "model": "admin.logentry", "pk": 139, "fields": { "action_time": "2023-03-16T03:14:36.066Z", "user": 1, "content_type": 13, "object_id": "81", "object_repr": "Dara has a message with a subject of You just made a new appointment with Dr Bolanle and a body of Hello Dara You just made a new appointment with Dr Bolanle Balogun from 03 13, 2023, 02:01 AM to 03 1", "action_flag": 3, "change_message": "" } }, { "model": "admin.logentry", "pk": 140, "fields": { "action_time": "2023-03-16T03:14:36.147Z", "user": 1, "content_type": 13, "object_id": "80", "object_repr": "Dara has a message with a subject of You just made a new appointment with Dr Bolanle and a body of Hello Dara You just made a new appointment with Dr Bolanle Balogun from 03 13, 2023, 01:00 AM to 03 1", "action_flag": 3, "change_message": "" } }, { "model": "admin.logentry", "pk": 141, "fields": { "action_time": "2023-03-16T03:14:36.267Z", "user": 1, "content_type": 13, "object_id": "79", "object_repr": "Bolanle has a message with a subject of You just created a new appointment Dr Bolanle and a body of You just created a new appointment Dr Bolanle from 2023-03-13 03:01:00 to 2023-03-13 04:01:00,\n Chee", "action_flag": 3, "change_message": "" } }, { "model": "admin.logentry", "pk": 142, "fields": { "action_time": "2023-03-16T03:14:36.813Z", "user": 1, "content_type": 13, "object_id": "78", "object_repr": "Bolanle has a message with a subject of You just created a new appointment Dr Bolanle and a body of You just created a new appointment Dr Bolanle from 2023-03-13 02:01:00 to 2023-03-13 03:00:00,\n Chee", "action_flag": 3, "change_message": "" } }, { "model": "admin.logentry", "pk": 143, "fields": { "action_time": "2023-03-16T03:14:36.997Z", "user": 1, "content_type": 13, "object_id": "77", "object_repr": "Bolanle has a message with a subject of You just created a new appointment Dr Bolanle and a body of You just created a new appointment Dr Bolanle from 2023-03-13 01:00:00 to 2023-03-13 02:00:00,\n Chee", "action_flag": 3, "change_message": "" } }, { "model": "admin.logentry", "pk": 144, "fields": { "action_time": "2023-03-16T03:14:37.101Z", "user": 1, "content_type": 13, "object_id": "76", "object_repr": "Bolanle has a message with a subject of Expired appointment and a body of Hi, Bolanle Balogun.\n This is to inform you that the appointment you created from 03/13/2023 12:00 AM to 03/13/2023 01:00 AM h", "action_flag": 3, "change_message": "" } }, { "model": "admin.logentry", "pk": 145, "fields": { "action_time": "2023-03-16T03:14:37.197Z", "user": 1, "content_type": 13, "object_id": "75", "object_repr": "Bolanle has a message with a subject of You just created a new appointment Dr Bolanle and a body of You just created a new appointment Dr Bolanle from 2023-03-13 01:00:00 to 2023-03-13 02:00:00,\n Chee", "action_flag": 3, "change_message": "" } }, { "model": "admin.logentry", "pk": 146, "fields": { "action_time": "2023-03-16T03:14:37.317Z", "user": 1, "content_type": 13, "object_id": "74", "object_repr": "Bolanle has a message with a subject of Expired appointment and a body of Hi, Bolanle Balogun.\n This is to inform you that the appointment you created from 03/13/2023 12:00 AM to 03/13/2023 01:00 AM h", "action_flag": 3, "change_message": "" } }, { "model": "admin.logentry", "pk": 147, "fields": { "action_time": "2023-03-16T03:14:37.421Z", "user": 1, "content_type": 13, "object_id": "73", "object_repr": "Bolanle has a message with a subject of You just created a new appointment Dr Bolanle and a body of You just created a new appointment Dr Bolanle from 2023-03-13 01:00:00 to 2023-03-13 02:00:00,\n Chee", "action_flag": 3, "change_message": "" } }, { "model": "admin.logentry", "pk": 148, "fields": { "action_time": "2023-03-16T03:14:37.525Z", "user": 1, "content_type": 13, "object_id": "72", "object_repr": "Bolanle has a message with a subject of Expired appointment and a body of Hi, Bolanle Balogun.\n This is to inform you that the appointment you created from 03/13/2023 12:00 AM to 03/13/2023 01:00 AM h", "action_flag": 3, "change_message": "" } }, { "model": "admin.logentry", "pk": 149, "fields": { "action_time": "2023-03-16T03:14:37.629Z", "user": 1, "content_type": 13, "object_id": "71", "object_repr": "Bolanle has a message with a subject of You just created a new appointment Dr Bolanle and a body of You just created a new appointment Dr Bolanle from 2023-03-13 01:00:00+01:00 to 2023-03-13 02:00:00+", "action_flag": 3, "change_message": "" } }, { "model": "admin.logentry", "pk": 150, "fields": { "action_time": "2023-03-16T03:14:37.765Z", "user": 1, "content_type": 13, "object_id": "70", "object_repr": "Bolanle has a message with a subject of Expired appointment and a body of Hi, Bolanle Balogun.\n This is to inform you that the appointment you created from 03/13/2023 12:00 AM to 03/13/2023 01:00 AM h", "action_flag": 3, "change_message": "" } }, { "model": "admin.logentry", "pk": 151, "fields": { "action_time": "2023-03-16T03:14:37.949Z", "user": 1, "content_type": 13, "object_id": "69", "object_repr": "Bolanle has a message with a subject of You just created a new appointment Dr Bolanle and a body of You just created a new appointment Dr Bolanle from 2023-03-13 01:00:00+01:00 to 2023-03-13 02:00:00+", "action_flag": 3, "change_message": "" } }, { "model": "admin.logentry", "pk": 152, "fields": { "action_time": "2023-03-16T03:14:38.069Z", "user": 1, "content_type": 13, "object_id": "68", "object_repr": "Bolanle has a message with a subject of You just removed an appointment Dr Bolanle and a body of You just removed an appointment Dr Bolanle from 03 13, 2023, 12:00 AM to 03 13, 2023, 01:00 AM,\n We hop", "action_flag": 3, "change_message": "" } }, { "model": "admin.logentry", "pk": 153, "fields": { "action_time": "2023-03-16T03:14:38.181Z", "user": 1, "content_type": 13, "object_id": "67", "object_repr": "Bolanle has a message with a subject of You just created a new appointment Dr Bolanle and a body of You just created a new appointment Dr Bolanle from 2023-03-13 01:00:00 to 2023-03-13 02:00:00,\n Chee", "action_flag": 3, "change_message": "" } }, { "model": "admin.logentry", "pk": 154, "fields": { "action_time": "2023-03-16T03:14:38.284Z", "user": 1, "content_type": 13, "object_id": "66", "object_repr": "Dara has a message with a subject of Completed appointment🎉🎉 and a body of Hello Onoolapo Abayomi. \n Thanks for completing your appointment with Dr Tolani Bayonle from 03/11/2023 06:00 PM to 03/11/202", "action_flag": 3, "change_message": "" } }, { "model": "admin.logentry", "pk": 155, "fields": { "action_time": "2023-03-16T03:14:38.412Z", "user": 1, "content_type": 13, "object_id": "65", "object_repr": "Tolani has a message with a subject of Completed appointment🎉🎉 and a body of Hello Dr Tolani Bayonle. \n Thanks for completing your appointment with Onoolapo Abayomi from 03/11/2023 06:00 PM to 03/11/2", "action_flag": 3, "change_message": "" } }, { "model": "admin.logentry", "pk": 156, "fields": { "action_time": "2023-03-16T03:14:38.516Z", "user": 1, "content_type": 13, "object_id": "64", "object_repr": "Dara has a message with a subject of Confirm completion of appointment Dara and a body of Hi Onoolapo Abayomi.\n Hope your day was wonderful. We are checking on you again if you have completed your app", "action_flag": 3, "change_message": "" } }, { "model": "admin.logentry", "pk": 157, "fields": { "action_time": "2023-03-16T03:14:38.676Z", "user": 1, "content_type": 13, "object_id": "63", "object_repr": "Dara has a message with a subject of You just checked out an order and a body of Hello Dara. \n You just checked out a drug with the name of Lorem ipsum dolor sit ordering 15 and totalled to 600 .\n We ", "action_flag": 3, "change_message": "" } }, { "model": "admin.logentry", "pk": 158, "fields": { "action_time": "2023-03-16T03:14:38.780Z", "user": 1, "content_type": 13, "object_id": "62", "object_repr": "Kunle has a message with a subject of Welcome Kunle and a body of Welcome to the hospital platform Sanni Abdulameen,\n We are here to take care of your health needs,kindly take a tour of our platform a", "action_flag": 3, "change_message": "" } }, { "model": "admin.logentry", "pk": 159, "fields": { "action_time": "2023-03-16T03:14:38.900Z", "user": 1, "content_type": 13, "object_id": "61", "object_repr": "Tolani has a message with a subject of Expired appointment and a body of Hi, Tolani Bayonle.\n This is to inform you that the appointment you created from 03/11/2023 08:01 PM to 03/11/2023 09:00 PM has", "action_flag": 3, "change_message": "" } }, { "model": "admin.logentry", "pk": 160, "fields": { "action_time": "2023-03-16T03:14:39.116Z", "user": 1, "content_type": 13, "object_id": "60", "object_repr": "Dara has a message with a subject of Confirm completion of appointment Dara and a body of Hi Onoolapo Abayomi.\n Hope your day was wonderful. We are checking if you have completed your appointment whic", "action_flag": 3, "change_message": "" } }, { "model": "admin.logentry", "pk": 161, "fields": { "action_time": "2023-03-16T03:14:39.252Z", "user": 1, "content_type": 13, "object_id": "59", "object_repr": "Dara has a message with a subject of Confirm completion of appointment Dara and a body of Hi Onoolap Abayomi.\n Hope your day was wonderful. We are checking if you have completed your appointment which", "action_flag": 3, "change_message": "" } }, { "model": "admin.logentry", "pk": 162, "fields": { "action_time": "2023-03-16T03:14:39.364Z", "user": 1, "content_type": 13, "object_id": "57", "object_repr": "Dara has a message with a subject of Confirm completion of appointment Abdul and a body of Hi Sanni Abdulameen.\n Hope your day was wonderful. We are checking if you have completed your appointment whi", "action_flag": 3, "change_message": "" } }, { "model": "admin.logentry", "pk": 163, "fields": { "action_time": "2023-03-16T03:14:39.444Z", "user": 1, "content_type": 13, "object_id": "56", "object_repr": "Tolani has a message with a subject of Expired appointment and a body of Hi, Tolani Bayonle.\n This is to inform you that the appointment you created from 03/11/2023 05:00 PM to 03/11/2023 06:00 PM has", "action_flag": 3, "change_message": "" } }, { "model": "admin.logentry", "pk": 164, "fields": { "action_time": "2023-03-16T03:14:39.524Z", "user": 1, "content_type": 13, "object_id": "55", "object_repr": "Dara has a message with a subject of You just removed an appointment with Dr Tolani and a body of Hello Abdul You just removed an appointment with Dr Tolani Bayonle from 03 11, 2023, 05:00 PM to 03 11", "action_flag": 3, "change_message": "" } }, { "model": "admin.logentry", "pk": 165, "fields": { "action_time": "2023-03-16T03:14:39.636Z", "user": 1, "content_type": 13, "object_id": "51", "object_repr": "Dara has a message with a subject of You just made a new appointment with Dr Tolani and a body of Hello Abdul You just made a new appointment with Dr Tolani Bayonle from 03 11, 2023, 06:00 PM to 03 11", "action_flag": 3, "change_message": "" } }, { "model": "admin.logentry", "pk": 166, "fields": { "action_time": "2023-03-16T03:14:39.749Z", "user": 1, "content_type": 13, "object_id": "50", "object_repr": "Dara has a message with a subject of You just made a new appointment with Dr Tolani and a body of Hello Abdul You just made a new appointment with Dr Tolani Bayonle from 03 11, 2023, 05:00 PM to 03 11", "action_flag": 3, "change_message": "" } }, { "model": "admin.logentry", "pk": 167, "fields": { "action_time": "2023-03-16T03:14:39.917Z", "user": 1, "content_type": 13, "object_id": "49", "object_repr": "Tolani has a message with a subject of You just created a new appointment Dr Tolani and a body of You just created a new appointment Dr Tolani from 2023-03-11 20:01:00 to 2023-03-11 21:00:00,\n Cheers ", "action_flag": 3, "change_message": "" } }, { "model": "admin.logentry", "pk": 168, "fields": { "action_time": "2023-03-16T03:14:40.053Z", "user": 1, "content_type": 13, "object_id": "48", "object_repr": "Tolani has a message with a subject of You just created a new appointment Dr Tolani and a body of You just created a new appointment Dr Tolani from 2023-03-11 19:00:00 to 2023-03-11 21:00:00,\n Cheers ", "action_flag": 3, "change_message": "" } }, { "model": "admin.logentry", "pk": 169, "fields": { "action_time": "2023-03-16T03:14:40.245Z", "user": 1, "content_type": 13, "object_id": "47", "object_repr": "Tolani has a message with a subject of Expired appointment and a body of Hi, Tolani Bayonle.\n This is to inform you that the appointment you created from 03/11/2023 03:00 PM to 03/11/2023 04:00 PM has", "action_flag": 3, "change_message": "" } }, { "model": "admin.logentry", "pk": 170, "fields": { "action_time": "2023-03-16T03:14:40.437Z", "user": 1, "content_type": 13, "object_id": "46", "object_repr": "Tolani has a message with a subject of You just created a new appointment Dr Tolani and a body of You just created a new appointment Dr Tolani from 2023-03-11 16:00:00 to 2023-03-11 17:00:00,\n Cheers ", "action_flag": 3, "change_message": "" } }, { "model": "admin.logentry", "pk": 171, "fields": { "action_time": "2023-03-16T03:14:40.541Z", "user": 1, "content_type": 13, "object_id": "45", "object_repr": "Tolani has a message with a subject of You just removed an appointment Dr Tolani and a body of You just removed an appointment Dr Tolani from 03 11, 2023, 03:00 PM to 03 11, 2023, 04:00 PM,\n We hope y", "action_flag": 3, "change_message": "" } }, { "model": "admin.logentry", "pk": 172, "fields": { "action_time": "2023-03-16T03:14:40.693Z", "user": 1, "content_type": 13, "object_id": "44", "object_repr": "Tolani has a message with a subject of You just created a new appointment Dr Tolani and a body of You just created a new appointment Dr Tolani from 2023-03-11 16:00:00 to 2023-03-11 17:00:00,\n Cheers ", "action_flag": 3, "change_message": "" } }, { "model": "admin.logentry", "pk": 173, "fields": { "action_time": "2023-03-16T03:14:40.765Z", "user": 1, "content_type": 13, "object_id": "43", "object_repr": "Tolani has a message with a subject of Expired appointment and a body of Hi, Tolani Bayonle.\n This is to inform you that the appointment you created from 03/11/2023 03:00 PM to 03/11/2023 05:00 PM has", "action_flag": 3, "change_message": "" } }, { "model": "admin.logentry", "pk": 174, "fields": { "action_time": "2023-03-16T03:14:40.845Z", "user": 1, "content_type": 13, "object_id": "42", "object_repr": "Tolani has a message with a subject of You just created a new appointment Dr Tolani and a body of You just created a new appointment Dr Tolani from 2023-03-11 18:00:00 to 2023-03-11 19:00:00,\n Cheers ", "action_flag": 3, "change_message": "" } }, { "model": "admin.logentry", "pk": 175, "fields": { "action_time": "2023-03-16T03:14:40.965Z", "user": 1, "content_type": 13, "object_id": "41", "object_repr": "Tolani has a message with a subject of You just created a new appointment Dr Tolani and a body of You just created a new appointment Dr Tolani from 2023-03-11 16:00:00 to 2023-03-11 18:00:00,\n Cheers ", "action_flag": 3, "change_message": "" } }, { "model": "admin.logentry", "pk": 176, "fields": { "action_time": "2023-03-16T03:14:41.117Z", "user": 1, "content_type": 13, "object_id": "40", "object_repr": "Dara has a message with a subject of You just checked out an order and a body of Hello Abdul. \n You just checked out a drug with the name of Lorem ipsum dolor sit ordering 10 and totalled to 400 .\n We", "action_flag": 3, "change_message": "" } }, { "model": "admin.logentry", "pk": 177, "fields": { "action_time": "2023-03-16T03:14:41.189Z", "user": 1, "content_type": 13, "object_id": "39", "object_repr": "Dara has a message with a subject of You just checked out an order and a body of Hello Abdul. \n You just checked out a drug with the name of Lorem ipsum dolor sit ordering 20 and totalled to 800 .\n We", "action_flag": 3, "change_message": "" } }, { "model": "admin.logentry", "pk": 178, "fields": { "action_time": "2023-03-16T03:14:41.285Z", "user": 1, "content_type": 13, "object_id": "38", "object_repr": "Dara has a message with a subject of You just checked out an order and a body of Hello Abdul. \n You just checked out a drug with the name of Lorem ipsum dolor sit ordering 10 and totalled to 400 .\n We", "action_flag": 3, "change_message": "" } }, { "model": "admin.logentry", "pk": 179, "fields": { "action_time": "2023-03-16T03:14:41.526Z", "user": 1, "content_type": 13, "object_id": "37", "object_repr": "Dara has a message with a subject of You just checked out an order and a body of Hello Abdul. \n You just checked out a drug with the name of Lorem ipsum dolor sit ordering 15 and totalled to 600 .\n We", "action_flag": 3, "change_message": "" } }, { "model": "admin.logentry", "pk": 180, "fields": { "action_time": "2023-03-16T03:14:41.622Z", "user": 1, "content_type": 13, "object_id": "36", "object_repr": "Dara has a message with a subject of You just checked out an order and a body of Hello Abdul. \n You just checked out a drug with the name of Lorem ipsum dolor sit ordering 10 and totalled to 400 .\n We", "action_flag": 3, "change_message": "" } }, { "model": "admin.logentry", "pk": 181, "fields": { "action_time": "2023-03-16T03:14:41.734Z", "user": 1, "content_type": 13, "object_id": "35", "object_repr": "Dara has a message with a subject of You just checked out an order and a body of Hello Abdul. \n You just checked out a drug with the name of Lorem ipsum dolor sit ordering 10 and totalled to 400 .\n We", "action_flag": 3, "change_message": "" } }, { "model": "admin.logentry", "pk": 182, "fields": { "action_time": "2023-03-16T03:14:41.894Z", "user": 1, "content_type": 13, "object_id": "34", "object_repr": "Dara has a message with a subject of You just checked out an order and a body of Hello Abdul. \n You just checked out a drug with the name of Lorem ipsum dolor sit ordering 10 and totalled to 400 .\n We", "action_flag": 3, "change_message": "" } }, { "model": "admin.logentry", "pk": 183, "fields": { "action_time": "2023-03-16T03:14:41.998Z", "user": 1, "content_type": 13, "object_id": "33", "object_repr": "Dara has a message with a subject of You just checked out an order and a body of Hello Abdul. \n You just checked out a drug with the name of Lorem ipsum dolor sit ordering 10 and totalled to 400 .\n We", "action_flag": 3, "change_message": "" } }, { "model": "admin.logentry", "pk": 184, "fields": { "action_time": "2023-03-16T03:14:42.086Z", "user": 1, "content_type": 13, "object_id": "32", "object_repr": "Dara has a message with a subject of You just checked out an order and a body of Hello Abdul. \n You just checked out a drug with the name of Lorem ipsum dolor sit ordering 10 and totalled to 400 .\n We", "action_flag": 3, "change_message": "" } }, { "model": "admin.logentry", "pk": 185, "fields": { "action_time": "2023-03-16T03:14:42.206Z", "user": 1, "content_type": 13, "object_id": "31", "object_repr": "Dara has a message with a subject of You just checked out an order and a body of Hello Abdul. \n You just checked out a drug with the name of Lorem ipsum dolor sit ordering 5 and totalled to 200 .\n We ", "action_flag": 3, "change_message": "" } }, { "model": "admin.logentry", "pk": 186, "fields": { "action_time": "2023-03-16T03:14:42.366Z", "user": 1, "content_type": 13, "object_id": "30", "object_repr": "Dara has a message with a subject of You just checked out an order and a body of Hello Abdul. \n You just checked out a drug with the name of Lorem ipsum dolor sit ordering 10 and totalled to 400 .\n We", "action_flag": 3, "change_message": "" } }, { "model": "admin.logentry", "pk": 187, "fields": { "action_time": "2023-03-16T03:14:42.438Z", "user": 1, "content_type": 13, "object_id": "29", "object_repr": "Dara has a message with a subject of You just added an order to cart and a body of Hello Abdul. \n You just added to cart a drug with the name of Lorem ipsum dolor sit.You can check the cart page for y", "action_flag": 3, "change_message": "" } }, { "model": "admin.logentry", "pk": 188, "fields": { "action_time": "2023-03-16T03:14:42.511Z", "user": 1, "content_type": 13, "object_id": "28", "object_repr": "Dara has a message with a subject of You just removed an order from your cart and a body of Hello Abdul. \n You just removed from cart a drug with the name of Lorem ipsum dolor sit.\n Enjoy the rest of ", "action_flag": 3, "change_message": "" } }, { "model": "admin.logentry", "pk": 189, "fields": { "action_time": "2023-03-16T03:14:42.666Z", "user": 1, "content_type": 13, "object_id": "27", "object_repr": "Dara has a message with a subject of You just added an order to cart and a body of Hello Abdul. \n You just added to cart a drug with the name of Lorem ipsum dolor sit.You can check the cart page for y", "action_flag": 3, "change_message": "" } }, { "model": "admin.logentry", "pk": 190, "fields": { "action_time": "2023-03-16T03:14:42.747Z", "user": 1, "content_type": 13, "object_id": "26", "object_repr": "Dara has a message with a subject of You just removed an order from your cart and a body of Hello Abdul. \n You just removed from cart a drug with the name of Lorem ipsum dolor sit.\n Enjoy the rest of ", "action_flag": 3, "change_message": "" } }, { "model": "admin.logentry", "pk": 191, "fields": { "action_time": "2023-03-16T03:14:42.827Z", "user": 1, "content_type": 13, "object_id": "23", "object_repr": "Dara has a message with a subject of You just removed an order from your cart and a body of Hello Abdul. \n You just removed from cart a drug with the name of Amet consectetur adipisicing elit..\n Enjoy", "action_flag": 3, "change_message": "" } }, { "model": "admin.logentry", "pk": 192, "fields": { "action_time": "2023-03-16T03:14:42.915Z", "user": 1, "content_type": 13, "object_id": "22", "object_repr": "Dara has a message with a subject of Completed appointment🎉🎉 and a body of Hello  . \n Thanks for completing your appointment with Dr Bolanle Balogun from 03/10/2023 09:00 AM to 03/10/2023 11:00 AM \n W", "action_flag": 3, "change_message": "" } }, { "model": "admin.logentry", "pk": 193, "fields": { "action_time": "2023-03-16T03:14:43.099Z", "user": 1, "content_type": 13, "object_id": "21", "object_repr": "Bolanle has a message with a subject of Completed appointment🎉🎉 and a body of Hello Dr Bolanle Balogun. \n Thanks for completing your appointment with   from 03/10/2023 09:00 AM to 03/10/2023 11:00 AM ", "action_flag": 3, "change_message": "" } }, { "model": "admin.logentry", "pk": 194, "fields": { "action_time": "2023-03-16T03:14:43.259Z", "user": 1, "content_type": 13, "object_id": "20", "object_repr": "Dara has a message with a subject of Confirm completion of appointment Abdul and a body of Hi  .\n Hope your day was wonderful. We are checking if you have completed your appointment which lasted from ", "action_flag": 3, "change_message": "" } }, { "model": "admin.logentry", "pk": 195, "fields": { "action_time": "2023-03-16T03:14:43.516Z", "user": 1, "content_type": 13, "object_id": "19", "object_repr": "Bolanle has a message with a subject of Expired appointment and a body of Hi, Bolanle Balogun.\n This is to inform you that the appointment you created from 03/10/2023 05:00 AM to 03/10/2023 07:00 AM h", "action_flag": 3, "change_message": "" } }, { "model": "admin.logentry", "pk": 196, "fields": { "action_time": "2023-03-16T03:14:43.644Z", "user": 1, "content_type": 13, "object_id": "18", "object_repr": "Dara has a message with a subject of You just removed an appointment with Dr Bolanle and a body of Hello Abdul You just removed an appointment with Dr Bolanle Balogun from 03 10, 2023, 05:00 AM to 03 ", "action_flag": 3, "change_message": "" } }, { "model": "admin.logentry", "pk": 197, "fields": { "action_time": "2023-03-16T03:14:43.764Z", "user": 1, "content_type": 13, "object_id": "17", "object_repr": "Dara has a message with a subject of You just made a new appointment with Dr Bolanle and a body of Hello Abdul You just made a new appointment with Dr Bolanle Balogun from 03 10, 2023, 09:00 AM to 03 ", "action_flag": 3, "change_message": "" } }, { "model": "admin.logentry", "pk": 198, "fields": { "action_time": "2023-03-16T03:14:43.916Z", "user": 1, "content_type": 13, "object_id": "16", "object_repr": "Dara has a message with a subject of You just made a new appointment with Dr Bolanle and a body of Hello Abdul You just made a new appointment with Dr Bolanle Balogun from 03 10, 2023, 05:00 AM to 03 ", "action_flag": 3, "change_message": "" } }, { "model": "admin.logentry", "pk": 199, "fields": { "action_time": "2023-03-16T03:14:44.012Z", "user": 1, "content_type": 13, "object_id": "15", "object_repr": "Bolanle has a message with a subject of You just removed an appointment Dr Bolanle and a body of You just removed an appointment Dr Bolanle from 03 10, 2023, 02:00 AM to 03 10, 2023, 04:00 AM,\n We hop", "action_flag": 3, "change_message": "" } }, { "model": "admin.logentry", "pk": 200, "fields": { "action_time": "2023-03-16T03:14:44.084Z", "user": 1, "content_type": 13, "object_id": "14", "object_repr": "Bolanle has a message with a subject of You just created a new appointment Dr Bolanle and a body of You just created a new appointment Dr Bolanle from 2023-03-10 10:00:00 to 2023-03-10 12:00:00,\n Chee", "action_flag": 3, "change_message": "" } }, { "model": "admin.logentry", "pk": 201, "fields": { "action_time": "2023-03-16T03:14:44.260Z", "user": 1, "content_type": 13, "object_id": "13", "object_repr": "Bolanle has a message with a subject of You just created a new appointment Dr Bolanle and a body of You just created a new appointment Dr Bolanle from 2023-03-10 06:00:00 to 2023-03-10 08:00:00,\n Chee", "action_flag": 3, "change_message": "" } }, { "model": "admin.logentry", "pk": 202, "fields": { "action_time": "2023-03-16T03:14:44.340Z", "user": 1, "content_type": 13, "object_id": "12", "object_repr": "Bolanle has a message with a subject of You just created a new appointment Dr Bolanle and a body of You just created a new appointment Dr Bolanle from 2023-03-10 03:00:00 to 2023-03-10 05:00:00,\n Chee", "action_flag": 3, "change_message": "" } }, { "model": "admin.logentry", "pk": 203, "fields": { "action_time": "2023-03-16T03:14:44.436Z", "user": 1, "content_type": 13, "object_id": "11", "object_repr": "Bolanle has a message with a subject of Expired appointment and a body of Hi, Bolanle Balogun.\n This is to inform you that the appointment you created from 03/09/2023 10:59 PM to 03/10/2023 12:00 AM h", "action_flag": 3, "change_message": "" } }, { "model": "admin.logentry", "pk": 204, "fields": { "action_time": "2023-03-16T03:14:44.548Z", "user": 1, "content_type": 13, "object_id": "10", "object_repr": "Bolanle has a message with a subject of You just created a new appointment Dr Bolanle and a body of You just created a new appointment Dr Bolanle from 2023-03-09 23:59:00 to 2023-03-10 01:00:00,\n Chee", "action_flag": 3, "change_message": "" } }, { "model": "admin.logentry", "pk": 205, "fields": { "action_time": "2023-03-16T03:14:44.652Z", "user": 1, "content_type": 13, "object_id": "9", "object_repr": "Bolanle has a message with a subject of Expired appointment and a body of Hi, Bolanle Balogun.\n This is to inform you that the appointment you created from 03/08/2023 06:00 PM to 03/08/2023 07:00 PM h", "action_flag": 3, "change_message": "" } }, { "model": "admin.logentry", "pk": 206, "fields": { "action_time": "2023-03-16T03:14:44.716Z", "user": 1, "content_type": 13, "object_id": "8", "object_repr": "Bolanle has a message with a subject of Expired appointment and a body of Hi, Bolanle Balogun.\n This is to inform you that the appointment you created from 03/08/2023 03:00 AM to 03/08/2023 05:00 AM h", "action_flag": 3, "change_message": "" } }, { "model": "admin.logentry", "pk": 207, "fields": { "action_time": "2023-03-16T03:14:44.788Z", "user": 1, "content_type": 13, "object_id": "7", "object_repr": "Bolanle has a message with a subject of Expired appointment and a body of Hi, Bolanle Balogun.\n This is to inform you that the appointment you created from 03/07/2023 10:00 PM to 03/07/2023 10:30 PM h", "action_flag": 3, "change_message": "" } }, { "model": "admin.logentry", "pk": 208, "fields": { "action_time": "2023-03-16T03:14:44.868Z", "user": 1, "content_type": 13, "object_id": "6", "object_repr": "Bolanle has a message with a subject of Expired appointment and a body of Hi, Bolanle Balogun.\n This is to inform you that the appointment you created from 03/07/2023 12:00 AM to 03/07/2023 01:00 AM h", "action_flag": 3, "change_message": "" } }, { "model": "admin.logentry", "pk": 209, "fields": { "action_time": "2023-03-16T03:14:44.964Z", "user": 1, "content_type": 13, "object_id": "5", "object_repr": "Bolanle has a message with a subject of Expired appointment and a body of Hi, Bolanle Balogun.\n This is to inform you that the appointment you created from 03/07/2023 01:05 PM to 03/07/2023 02:00 PM h", "action_flag": 3, "change_message": "" } }, { "model": "admin.logentry", "pk": 210, "fields": { "action_time": "2023-03-16T03:14:45.036Z", "user": 1, "content_type": 13, "object_id": "4", "object_repr": "Bolanle has a message with a subject of Expired appointment and a body of Hi, Bolanle Balogun.\n This is to inform you that the appointment you created from 03/07/2023 05:00 PM to 03/07/2023 07:00 PM h", "action_flag": 3, "change_message": "" } }, { "model": "admin.logentry", "pk": 211, "fields": { "action_time": "2023-03-16T03:14:45.166Z", "user": 1, "content_type": 13, "object_id": "3", "object_repr": "Bolanle has a message with a subject of Expired appointment and a body of Hi, Bolanle Balogun.\n This is to inform you that the appointment you created from 03/07/2023 03:00 PM to 03/07/2023 04:00 PM h", "action_flag": 3, "change_message": "" } }, { "model": "admin.logentry", "pk": 212, "fields": { "action_time": "2023-03-17T01:32:23.927Z", "user": 1, "content_type": 12, "object_id": "5", "object_repr": "Tolani Quidem voluptate magnam magni repellat enim sint ipsam est, numquam ratione laborum quia neque, sed beatae accusantium quasi error porro aspernatur ut cum, laudantium velit doloremque molestiae", "action_flag": 2, "change_message": "[{\"changed\": {\"fields\": [\"Descr\"]}}]" } }, { "model": "admin.logentry", "pk": 213, "fields": { "action_time": "2023-03-17T01:33:02.609Z", "user": 1, "content_type": 12, "object_id": "4", "object_repr": "Bolanle Aliquid dolorem magnam fuga omnis, adipisci ullam quisquam non tempore cumque libero dolores blanditiis, veniam sapiente commodi labore, blanditiis deleniti velit consectetur doloremque eius e", "action_flag": 2, "change_message": "[{\"changed\": {\"fields\": [\"Descr\"]}}]" } }, { "model": "sessions.session", "pk": "0u863chk7za0aldzvftbaw2yoj5slgun", "fields": { "session_data": "e30:1pawNr:b3qXKPPQJxR2YX-xdhmlKyY5l7CeyJguAXcJL5dO3Yw", "expire_date": "2023-03-25T10:23:27.767Z" } }, { "model": "sessions.session", "pk": "8jlr1bcz2z2blybuvcnhhhum53uf9bc9", "fields": { "session_data": ".eJxVjMsOwiAQRf-FtSHAMDxcuvcbCI9BqoYmpV0Z_12bdKHbe865LxbitrawDVrCVNiZSXb63VLMD-o7KPfYbzPPc1-XKfFd4Qcd_DoXel4O9--gxdG-tdIoAY3SlQwY40RCWSGnRBm182ilFlF5EpZyUcVCNdpBJvQIrkbP3h-5jzcl:1pbOir:UBqdAkR_MiZvxHdjdFIKd_jc3XSbR-SyAuxSARh2awo", "expire_date": "2023-03-26T16:39:01.373Z" } }, { "model": "sessions.session", "pk": "b1iv5kaz4ik01m382lbw0vr26wbdc8jw", "fields": { "session_data": ".eJxVjDsOwjAQBe_iGln-Zh1Kes5gbbxrHEC2FCcV4u4QKQW0b2beS0Tc1hK3zkucSZyFFqffbcL04LoDumO9NZlaXZd5krsiD9rltRE_L4f7d1Cwl2_tgqXBDMkTmOAmryhYAMxAROCdRcUhM0BmrxXpkXxwiHZ0bIJO6MX7A9X5N7Y:1pdMUB:oUO9oO8Clw9zK8wWLGpMogbYnFp-hBE3S7do4ai1MNE", "expire_date": "2023-04-01T02:39:59.858Z" } }, { "model": "sessions.session", "pk": "erd4yu0oup3onoynzpy6eefczkuhpset", "fields": { "session_data": ".eJxVjM0OwiAQhN-FsyGl_Cx69O4zkGVhpWogKe3J-O62SQ86x_m-mbcIuC4lrD3PYUriIpQ4_XYR6ZnrDtID671JanWZpyh3RR60y1tL-XU93L-Dgr1sawZjTUQgr5LLiWkEHoHOiTU4DWhA8UCeMSujrHVbjPfsBtbegSbx-QLu5TeX:1pdWkD:du4Rn0vCjbYrTYELYmYP5PhV0a3e2pa0l2PiDLmmByM", "expire_date": "2023-04-01T13:37:13.616Z" } }, { "model": "sessions.session", "pk": "f08tc1sgf332vvk7n74awsarkvtytyh9", "fields": { "session_data": ".eJxVjMEOwiAQRP-FsyFAwAWP3v0GwrKLVA0kpT0Z_9026UFvk3lv5i1iWpca18FznEhchAZx-i0x5Se3ndAjtXuXubdlnlDuijzokLdO_Loe7t9BTaNua48ejCELQCUzZ09os7Jc2KiAgZWzxSoAZDTo8Ryc0-i0K2VLAEV8vicUOIc:1pdbQd:OjxXsg0oKlDLE1JOi5KNs4lqyUrBIFEp6NUVHNR0-M4", "expire_date": "2023-04-01T18:37:19.924Z" } }, { "model": "sessions.session", "pk": "pq24xajfngv6gj2h6qug47lhkuu1nk5k", "fields": { "session_data": ".eJxVjDsOwjAQBe_iGln-Zh1Kes5gbbxrHEC2FCcV4u4QKQW0b2beS0Tc1hK3zkucSZyFFqffbcL04LoDumO9NZlaXZd5krsiD9rltRE_L4f7d1Cwl2_tgqXBDMkTmOAmryhYAMxAROCdRcUhM0BmrxXpkXxwiHZ0bIJO6MX7A9X5N7Y:1pdB5H:D_Dun00aAtMy5_wMb_MMeqkFNdArfSGHFY1ETIEh_BY", "expire_date": "2023-03-31T14:29:31.318Z" } }, { "model": "sessions.session", "pk": "x0l33tltf1b0jdx705e3aa0zeljlpgof", "fields": { "session_data": ".eJxVjDsOwjAQBe_iGln-Zh1Kes5gbbxrHEC2FCcV4u4QKQW0b2beS0Tc1hK3zkucSZyFFqffbcL04LoDumO9NZlaXZd5krsiD9rltRE_L4f7d1Cwl2_tgqXBDMkTmOAmryhYAMxAROCdRcUhM0BmrxXpkXxwiHZ0bIJO6MX7A9X5N7Y:1pcdRT:ZaPtDgRvmua9zkdNWLVTqj9CVMCganCkLk9l7lapmUg", "expire_date": "2023-03-30T02:34:11.361Z" } }, { "model": "sessions.session", "pk": "yceyo3pwdawzdgcno4bfwuwht1eza17e", "fields": { "session_data": ".eJxVjEEOwiAQRe_C2pBhLAVcuu8ZyMAMUjVtUtqV8e7apAvd_vfef6lI21rj1mSJI6uLMqBOv2Oi_JBpJ3yn6TbrPE_rMia9K_qgTQ8zy_N6uH8HlVr91uAQwHi0kgKgBEFBk0MA8T3bQo6St0jI0HHxLlMBhGIc9WdOJJ16fwDuQDge:1pdNXm:v0MNbtk6ebm3LxNzqI3VMyWRbVg-IlS2LIC20CcH8Cs", "expire_date": "2023-04-01T03:47:46.249Z" } }, { "model": "sessions.session", "pk": "z35u5dtrcd5nmpcus4emyp4r2zfefjay", "fields": { "session_data": ".eJxVjEEOwiAQRe_C2hBgLFNcuvcMZGBAqgaS0q6Md7dNutDte-__t_C0LsWvPc1-YnERWpx-WaD4THUX_KB6bzK2usxTkHsiD9vlrXF6XY_276BQL9saHDAyxlFjAgCDFhWPgewGWWWwGQjNoDADn1HnyAYxZocBVGA3iM8XzEM3ig:1paxSh:GKfFCrn4zM8svwWcozJZrO29KX3s8Sqsg-pgE6q_ZA4", "expire_date": "2023-03-25T11:32:31.753Z" } }]